govid|english_name|flags

36|Extensive Employment Services Centre|similar agency address,similar money lender address
47|Certain Link Personnel Consultants|similar agency address
85|Luckyflex International Limited|exact agency address,similar agency address
88|HK-Philippines Employment Agency|similar agency address,similar money lender address
100|H L&C; Employment Agency Limited|exact agency address,similar agency telephone,similar agency fax,similar agency email
101|H L&C; Employment Agency Limited|exact agency address,similar agency telephone,similar agency fax,similar agency email
159|Aura Employment Agency|similar agency address
171|ASIA-ONE EMPLOYMENT AGENCY|similar agency address,similar agency fax,similar agency email
191|Asia Selective Employment Agency|exact agency address,similar agency fax,similar agency email
236|Josie James Integrated Personnel Consultancy|similar agency address,similar money lender address
237|Sincerity Employment Services Company|similar agency address
247|Talent Source Limited|exact agency address,similar agency telephone,similar agency fax,similar agency email
280|Cheer Lots Employment Services Limited|exact agency address,similar agency fax
305|Bestwell Employment Agency (HK) Limited|similar agency address
334|Best Choice Employment Center Company Limited|similar agency address
369|All Round Employment Agency|exact agency address,similar agency fax,similar agency email
390|Jedegal Consultants Co.|similar agency address,similar agency fax,similar agency email
447|Glory Semesta Manpower Limited|similar agency address
491|Maid Supply Employment Agency|similar agency fax,similar money lender address
521|WINWIN EMPLOYMENT CENTRE LIMITED|exact agency address,similar agency address,similar money lender address
522|Olivine Recruitment Services Limited|similar agency address,similar money lender address
531|Happy Maids Employment Centre Limited|similar agency address
535|JOB'S ARE US COMPANY LIMITED|similar agency address
595|Po Sing Employment Service Centre Limited|exact agency address,similar agency address,similar agency fax
633|HAPPY YO YO OVERSEA EMPLOYMENT AGENCY|similar agency address,similar agency fax
637|Convoy Employment Consultant Limited|exact agency address,similar agency address
783|GOLDEN MOON EMPLOYMENT CO.|similar agency address,similar money lender address
855|MISSION EMPLOYMENT AGENCY LIMITED|similar agency address
857|MISSION EMPLOYMENT AGENCY LIMITED|similar agency address
885|MASS TRINITY INTERNATIONAL LIMITED|similar agency address,similar agency telephone,similar agency fax,similar agency email
916|AMAHSEARCH LIMITED|similar agency address
952|AA Plus Employment Agency Company Limited|similar agency address,similar money lender address
962|CILIWUNG LIMITED|exact agency address
1066|FURTHER CREATION EMPLOYMENT CENTRE|similar agency address,similar agency telephone,similar agency fax,similar agency email
1068|FURTHER CREATION EMPLOYMENT CENTRE|exact agency address,similar agency address,similar agency telephone,similar agency fax,similar agency email
1119|C.A.N.A. PLACEMENT SERVICES LIMITED|similar agency address
1126|Joe Employment (Oversea) Agency Co|similar agency address,similar money lender address
1128|Best Wealth Consultant and Trading Co.|exact agency address
1130|ASIA EXPANSION LIMITED|similar agency address,similar agency fax
1139|MADAM JOE PROFESSIONAL DOMESTIC SERVICES COMPANY|exact agency address,similar agency address,similar agency fax
1141|EAST ASIA BRIDGE CONSULT LIMITED|similar agency address
1183|HOME FIRST EMPLOYMENT CENTRE|similar agency telephone,similar agency fax
1184|HOME FIRST EMPLOYMENT CENTRE|similar agency telephone,similar agency fax
1237|Radiant Maid Agency Service Limited|similar agency telephone,similar agency fax
1248|BLUE BAY EMPLOYMENT SERVICE COMPANY LIMITED|similar agency telephone,similar agency fax,similar agency email
1311|TY OVERSEAS EMPLOYMENT SERVICES|similar money lender address
1437|WARM HOUSE EMPLOYMENT SERVICES CENTRE LIMITED|exact agency address,similar agency address,similar agency email
1438|WARM HOUSE EMPLOYMENT SERVICES CENTRE LIMITED|similar agency address,similar agency email
1442|KAMPO EMPLOYMENT AGENCY|similar agency address,similar agency email,similar money lender address
1483|HT EMPLOYMENT CENTRE LIMITED|similar money lender address
1562|HAPPY SPRING CARE SERVICE COMPANY|similar agency address
1599|EDELWEISS EMPLOYMENT SERVICES COMPANY LIMITED|similar money lender address
1623|Top Reliance Professionals Deployment Services Company|similar agency address
1628|Ensemble Human Resources Co. Limited|similar agency address,similar agency telephone,similar agency fax
1629|Ensemble Human Resources Co. Limited|similar agency address,similar agency telephone,similar agency fax,similar agency email,similar money lender address
1660|MING MING EMPLOYMENT AGENCY|similar agency address
1796|Abundance Employment Agency|similar agency address
1825|HEARTFUL EMPLOYMENT SERVICES (HK) LIMITED|similar agency address,similar agency telephone,similar agency fax
1836|FamilyMaid Employment Services Limited|exact agency address,similar agency telephone,similar money lender address
1900|GREEN SELECT EMPLOYMENT SERVICES CO.|similar agency telephone,similar agency fax
1911|TAKEME EMPLOYMENT AGENCY|similar agency telephone,similar agency fax,similar agency email
1920|Gianteagle Maid Express Consultants|similar agency address
1996|HOME OF THE ELDERLY HUMAN RESOURCES CONSULTANTS|similar agency address,similar agency fax
2013|Grand Excellent Intercontinental Recruitment Agency|exact agency address,similar agency fax,similar agency email
2125|WIN ELEGANT DEVELOPMENT LIMITED|similar agency address
2128|EDU CO.|similar money lender address
2150|CITY EMPLOYMENT PARADISE CO.|exact agency address,similar agency address,similar agency telephone,similar agency fax,similar agency email
2269|Ansin Employment Services|similar agency address,similar agency fax
2287|BEM-BEM EMPLOYMENT AGENCY|similar agency address
2339|CORDIAL EMPLOYMENT AGENCY CO|exact agency address,similar agency telephone,similar agency fax
2398|WILLPOWER EMPLOYMENT CONSULTANT|similar agency address,similar agency fax
2408|Hong Kong Cambodian Human Resource Association|exact agency address,similar agency telephone,similar agency fax,similar agency email
2409|Hong Kong Cambodian Labour and Vocational Training Centre|exact agency address,similar agency telephone,similar agency fax,similar agency email
2423|By Your Side (BYS) Employment Centre Limited|similar agency address
2435|LEWESKOOL CONSULTING CO. LIMITED|similar agency address
2450|I-helper Employment Agency Company Limited|similar money lender address
2496|Hongkong Better Care Limited|similar agency address
2514|GOOD COMPANION EMPLOYMENT CENTER|similar agency address
2516|GALILEE EMPLOYMENT SERVICE COMPANY|exact agency address,similar agency telephone,similar agency fax
2517|GALILEE EMPLOYMENT SERVICE COMPANY|similar agency telephone,similar agency fax
2575|KL HOME CARE LIMITED|exact agency address,similar agency email
2576|KL HOME CARE LIMITED|exact agency address,similar agency email
2589|POWERFUL JOINER LIMITED|similar agency email
2590|POWERFUL JOINER LIMITED|similar agency email
2646|ZYT CONSULTANT COMPANY|exact agency address
2689|Smart Joy Employment Agency|similar agency address
2713|EMINENT TALENTS|similar agency address,similar agency fax
2780|Joyfuleasy Employment Agency|similar agency address
2781|R JOB LIMITED|similar agency address,similar agency telephone,similar agency fax
2826|Happiness (HK) Overseas Employment Consultants Limited|similar agency address,similar money lender address
2831|Ho Yip Employment Agency Limited|similar agency address
2928|MY SWEET HOME EMPLOYMENT AGENCY|similar agency address,similar agency email
2975|VISION OVERSEAS EMPLOYMENT AGENCY LIMITED|similar agency address
2989|REGIONAL SELECTION CENTRE|similar agency address
3004|EASING (INT'L) EMPLOYMENT SERVICES CENTRE|similar agency address,similar money lender address
3022|Helpers Friends|similar agency address
3040|BC DREAMS COMPANY LIMITED|similar agency address
3062|Welldone Employment Centre|similar agency address
1|OVERSEAS EMPLOYMENT CENTRE LTD.|similar agency address
4|OVERSEAS EMPLOYMENT CENTRE LTD.|similar money lender address
6|OVERSEAS EMPLOYMENT CENTRE LTD.|similar agency address
12|Top Services and Company|similar agency address,similar agency telephone,similar agency fax,similar agency email
19|Prime Services & Trading Co|exact agency address,similar agency address
25|Access Employment Services|similar agency address
34|Finest International Limited|exact agency address,similar agency telephone,similar agency fax
35|Finest International Limited|exact agency address,similar agency address,similar agency fax
42|Superiority International Limited|exact agency address,similar agency address,similar agency telephone,similar agency fax
45|Hong Kong Labour & Manpower Consultants|similar agency address
48|Great Top Employment Service Centre|exact agency address,similar agency address,similar agency telephone,similar agency fax,similar agency email
49|Advance Court Overseas Employment Co.|similar agency address
52|Silver Region Development Limited|exact agency address,similar agency address,similar agency email,similar money lender address
53|Suryapacific Jaya Limited|similar agency address
61|D.D. Domestic Services|exact agency address,similar agency telephone,similar agency fax,similar agency email
66|Wellmark Employment Services Consultant|exact agency address,similar agency address,similar agency fax,similar agency email
67|Wellmark Employment Services Consultant|similar agency address,similar agency email
69|Safe Trading Co|similar agency address,similar money lender address
72|Trustworthy Consultants|similar agency address,similar money lender address
73|Global Target Enterprise Limited|similar agency address
90|Balley Management Services|similar agency address
104|Wintip Employment Services Limited|exact agency address,similar agency address,similar agency email,similar money lender address
125|Right Man Consultants Limited|exact agency address,similar agency address,similar agency fax
133|C.T. Maids Limited|exact agency address,similar agency fax,similar agency email
134|Elegant Employment Agency|similar agency address,similar money lender address
138|Sharp Rich Investment Limited|similar agency address
151|EMPLOYMENT WORLD|exact agency address,similar agency address,similar agency telephone
153|J.V.S. Investments|exact agency address,similar agency address
157|Mabros Employment Agency|exact agency address,similar agency address,similar agency telephone,similar agency fax,similar agency email
165|SACRED HEART INTERNATIONAL CONSULTANTS|similar agency address,similar agency telephone,similar agency fax
166|ASIA-ONE EMPLOYMENT AGENCY|similar agency fax,similar agency email
168|ASIA-ONE EMPLOYMENT AGENCY|similar agency address,similar agency fax,similar agency email
173|Hoi Shing Man Power Agency|similar agency address,similar money lender address
182|DAVID CHEUNG EMPLOYMENT AGENCY LIMITED|similar agency telephone
183|DAVID CHEUNG EMPLOYMENT AGENCY LIMITED|similar agency telephone
187|Loyal Servant Employment Agency|similar agency address
189|CHOW'S FAMILY SERVICES CO|similar agency address,similar money lender address
192|Gold Tech Employment Agency|similar agency address
198|Mrs. MA's Employment Services|similar agency address,similar agency telephone,similar agency fax,similar agency email,similar money lender address
205|PBI Employment Services & Trading Company|exact agency address,similar agency fax
211|Nation Employment Agency Limited|similar agency address,similar money lender address
216|Phil-Star Employment and General Services|similar agency address,similar money lender address
218|Megasea Employment Agency Limited|similar agency address,similar agency email
219|Megasea Employment Agency Limited|exact agency address,similar agency address,similar agency email
220|Megasea Employment Agency Limited|similar agency email
221|Megasea Employment Agency Limited|similar agency address,similar agency email
222|Megasea Employment Agency Limited|similar agency address,similar agency email
225|Way Tech Consultants Company|similar agency address,similar agency telephone,similar agency fax
228|Technic Employment Service Centre Limited|similar agency address,similar agency telephone
229|Technic Employment Service Centre Limited|similar agency address
231|Technic Employment Service Centre Limited|similar agency address,similar money lender address
232|Technic Employment Service Centre Limited|similar agency address
235|Excel Choice Employment Services Limited|exact agency address,similar agency fax
238|Goldtime Employment Agency|similar agency address
245|Right Choice Overseas Employment Centre Limited|similar agency fax,similar agency email
250|Family Care Employment Agency|similar agency address,similar money lender address
251|Pak Yue Employment Agency Centre Limited|exact agency address
253|Asia International Employment Agency Company|similar agency address,similar money lender address
258|Hok Tsui Company|similar agency address
259|Full Win Employment Agency|similar agency address
270|Caring Employment Centre|exact agency address,similar agency address,similar agency telephone,similar agency fax
276|B & C Employment Agency|similar agency address
277|Romy Employment Services|similar agency address,similar agency telephone,similar agency fax,similar agency email
281|Wai Wai Company|similar agency address
283|Sunlight Employment Agency|similar agency address
284|Sunlight Employment Agency|similar agency address
285|Sunlight Employment Agency|similar agency address,similar money lender address
287|Sunlight Employment Agency|similar agency address,similar money lender address
288|Sunlight Employment Agency|similar agency address
291|Sunlight Employment Agency|similar agency address
292|Sunlight Employment Agency|similar agency address
293|Sunlight Employment Agency|similar agency address
296|Sunlight Employment Agency|similar agency address,similar money lender address
297|Sunlight Employment Agency|similar agency address,similar money lender address
298|Sunlight Employment Agency|similar agency address
304|Bestwell Employment Agency (HK) Limited|exact agency address
312|SUNTEK ENTERPRISE LIMITED|exact agency address,similar agency address
320|Domestic Helper Employment Centre|similar agency address
321|Well Harmony Employment Services|similar agency address
327|Comfort Domestic Services|similar agency address,similar money lender address
328|Home De Fairy Consultants Limited|exact agency address,similar agency telephone,similar agency fax,similar agency email
330|K. D. Employment Agency|similar agency address
338|A.V.M.S. Limited|similar agency address
339|A.V.M.S. Limited|similar agency address,similar money lender address
342|Pak On (Hong Kong) Company Limited|exact agency address,similar agency fax
345|Top Dragon Employment Agency|similar agency address
353|Asia Well Employment Service|similar agency address,similar money lender address
354|New Sun Moon Employment Trading Co.|similar agency address
356|Pessen Technology Limited|exact agency address,similar agency address,similar agency telephone,similar agency email
376|Smart Team Employment Agency Center Company Limited|similar agency address
381|New Star Co|similar agency address
391|Efficient Employment Services|similar agency address
392|Frank Express Employment Centre|similar agency address
401|The Searchers Human Resources Co.|similar agency address,similar agency telephone,similar agency fax,similar money lender address
407|New Town Employment Agency|exact agency address,similar agency fax,similar agency email,similar money lender address
410|CROWN BRILLIANT AGENCY LIMITED|exact agency address,similar agency address
411|Wise Future Employment Services Centre|similar agency address
412|Sung Care Employment Agency|similar agency address
416|H W Employment Agency Centre|similar agency address,similar agency fax
420|LEADER EMPLOYMENT COMPANY LIMITED|similar agency email
421|LEADER EMPLOYMENT COMPANY LIMITED|similar agency address,similar agency email
422|LEADER EMPLOYMENT COMPANY LIMITED|similar agency telephone,similar agency email
423|LEADER EMPLOYMENT COMPANY LIMITED|exact agency address,similar agency address,similar agency telephone,similar agency email
425|LEADER EMPLOYMENT COMPANY LIMITED|similar agency email
426|LEADER EMPLOYMENT COMPANY LIMITED|similar agency address,similar agency email
429|Sodo Sakti Dewi Co|similar agency address,similar money lender address
431|Foreign Maid Employment Agency|similar agency address,similar agency telephone,similar agency fax
439|Get Maid Agency|similar agency address,similar agency fax,similar agency email
440|Get Maid Agency|similar agency address,similar agency fax,similar agency email,similar money lender address
449|Ming Hay Employment Services Company|similar agency address
452|Jumbo International Maid Employment Agency|similar agency email
453|Jumbo International Maid Employment Agency|similar agency address,similar agency email
454|Jumbo International Maid Employment Agency|exact agency address,similar agency address,similar agency telephone,similar agency fax,similar agency email
456|Ming Tak Services Company|similar agency address,similar agency fax,similar agency email
460|Elise Consultant|similar agency address,similar money lender address
461|Elise Consultant|similar agency address
473|Concord Professional Employment Service Centre|similar agency address,similar money lender address
476|ABNC EMPLOYMENT AGENCIES CO.|similar agency address,similar money lender address
480|Abadi Employment Consultant Centre|similar agency address,similar money lender address
483|M & M Development Company Limited|similar agency address
486|Four Seas Employment Agency|similar agency address
487|Great Possession Employment Agency|exact agency address,similar agency address,similar agency telephone,similar agency fax,similar money lender address
488|Great Possession Employment Agency|similar agency address,similar money lender address
489|Bright Essence International Limited|exact agency address,similar agency fax,similar agency email
490|Yat Yin Domestic Helper Agency|similar agency address
494|California Employment Agency|similar agency address
497|SVC DEVELOPMENT CO.|similar agency email
506|Markwell Service Company|exact agency address,similar agency address,similar agency fax
507|O & S Employment Agency|similar agency address,similar money lender address
513|Hong Maid Employment Agency|similar agency address
518|Well House Employment Service Limited|similar agency address,similar money lender address
519|K and B Employment Centre|similar agency address
520|K and B Employment Centre|similar agency address
524|Rejoice Employment Services Limited|exact agency address,similar agency fax
534|Pawer Express International Company Limited|exact agency address,similar agency telephone,similar agency email
538|An Apple Travel & Employment Services Limited|similar money lender address
548|Hung Chau Company Limited|exact agency address,similar agency address,similar agency telephone,similar agency fax,similar money lender address
556|Top Wealth Employment Agency|similar agency address
560|Find a Foreign Employer Agency|similar agency address
562|C & R Employment Agency|similar agency address,similar money lender address
567|Kasa Maid Agency Limited|similar agency address
568|Kasa Maid Agency Limited|exact agency address,similar agency address,similar agency telephone
569|Kasa Maid Agency Limited|similar agency address
570|Kasa Maid Agency Limited|similar agency address,similar agency fax,similar agency email,similar money lender address
573|Nan Fung Employment Service Centre Limited|similar agency address
579|Goal Miles Overseas Employment Company|similar agency address
587|Goodwill Placement Services Limited|exact agency address,similar agency address
592|Hung Fai (HK) Employment Agency Limited|exact agency address
597|Arrow Employment Services|similar agency telephone,similar agency fax,similar agency email
614|J C Casa Recruitment Agency|similar agency email
615|J C Casa Recruitment Agency|similar agency address,similar agency email
616|J C Casa Recruitment Agency|similar agency address,similar agency email
626|ASIA RAINBOW EMPLOYMENT SERVICES CENTRE|similar agency address,similar money lender address
627|Mei Foo Employment Agency Limited|similar agency address
629|Tai Tung Employment Service|exact agency address,similar agency address
641|Pacific Garden Employment Agency|exact agency address,similar agency telephone,similar agency fax
645|A & E Employment Centre|exact agency address,similar agency address,similar agency telephone,similar agency fax
646|A & E Employment Centre|exact agency address,similar agency address,similar agency telephone,similar agency fax
647|A & E Employment Centre|exact agency address,similar agency address
648|A & E Employment Centre|exact agency address,similar agency address,similar money lender address
669|DK & C Employment Service Co.|exact agency address,similar agency address,similar agency fax
670|Chin House Employment Agency Limited|similar agency address,similar agency email
671|Chin House Employment Agency Limited|exact agency address,similar agency address,similar agency telephone,similar agency fax,similar agency email
678|VIEW RISE MAID SERVICE|similar agency address,similar agency fax
679|VIEW RISE MAID SERVICE|similar agency address
686|Maid Link Employment Services Limited|similar agency address,similar money lender address
687|Instant Maids Centre Limited|exact agency address,similar money lender address
688|SKY EMPLOYMENT SERVICE COMPANY LIMITED|similar agency address,similar agency telephone,similar agency fax
691|Top & Best Employment Services Centre|similar agency address
693|STAR CARE EMPLOYMENT AGENCY|similar agency address,similar agency telephone,similar agency fax
695|STAR CARE EMPLOYMENT AGENCY|similar agency address,similar agency fax,similar agency email
698|SUNWOOD EMPLOYMENT CENTRE|similar agency address
699|UNITED ASIA EMPLOYMENT AGENCY|exact agency address,similar agency fax
703|Advantage Consultant Co.|similar agency address,similar agency fax,similar money lender address
712|BIR EMPLOYMENT AGENCY LIMITED|similar agency address,similar agency email
721|SAINT HAPPY MAIDS AGENCY|similar agency address
722|SAINT HAPPY MAIDS AGENCY|exact agency address,similar agency address
725|WEALTHY GOLD CONSULTANT LIMITED|similar agency address
729|Premier Employment Consultant|exact agency address
739|Care Ford Employment Agency|similar agency address
741|Fancy Employment Agency|similar agency address
744|Royalcorp Employment Agency Limited|exact agency address,similar agency fax
754|Nitschke Employment Co.|similar money lender address
759|SANRICH EMPLOYMENT CENTRE LIMITED|similar agency address
762|Homes Employment Agency Limited|exact agency address,similar agency address,similar money lender address
771|Gembira Employment Agency|similar agency address,similar money lender address
798|Tailormaid Consultants Company Limited|similar agency address,similar money lender address
799|BLISS EMPLOYMENT SERVICES LIMITED|exact agency address,similar agency telephone,similar agency fax,similar agency email
825|Precious Legend Employment Centre|similar agency address
837|WD Employment Agency Co.|similar agency address
838|Perfect Solution Employment Agency|similar agency address,similar money lender address
853|SUMMER EMPLOYMENT SERVICE CENTRE|similar agency address
865|PROTECTIVE EMPLOYMENT SERVICE COMPANY|similar agency address,similar agency telephone,similar agency fax
874|TSUEN SHING EMPLOYMENT AGENCY|similar agency address
875|BUNGA RAYA MILLENNIUM HUMAN RESOURCES|similar agency address
879|M&T; DOMESTIC SERVICES CO|similar agency address
889|NOW EMPLOYMENT AGENCY|exact agency address,similar agency fax
904|High Quality Agency Limited|similar agency address
908|C & D EMPLOYMENT AGENCY|similar agency fax
910|Grand Royal (AFT) Employment|similar agency address,similar agency telephone,similar agency fax
911|Grand Royal (AFT) Employment|similar agency fax,similar agency email
912|Grand Royal (AFT) Employment|similar agency telephone,similar agency fax,similar agency email
913|Grand Royal (AFT) Employment|similar agency telephone,similar agency fax,similar money lender address
942|YOURMAID SERVICES CENTRE LIMITED|exact agency address,similar agency address,similar agency telephone,similar agency fax,similar agency email
944|Metro Asia Recruitment Services Co.|similar agency address
950|VCARE EMPLOYMENT SERVICES LIMITED|exact agency address,similar agency fax
951|VCARE EMPLOYMENT SERVICES LIMITED|similar agency address
957|DOULOS EMPLOYMENT SERVICES CO.|similar money lender address
960|Ben Employment Agency|similar agency address
965|Good Maid Employment Services Limited|similar agency address
966|Good Maid Employment Services Limited|similar agency address,similar money lender address
971|TAK CHEONG EMPLOYMENT CO|similar agency address,similar money lender address
974|PO MING EMPLOYMENT LIMITED|similar agency address
977|Enjoy Services Centre Limited|exact agency address,similar agency address,similar agency telephone,similar agency fax,similar agency email
978|KA ON EMPLOYMENT COMPANY|similar agency address
989|Sunny Day Employment Agency|exact agency address,similar agency address,similar agency telephone,similar agency fax
991|MAIDSLAND EMPLOYMENT AGENCY|similar agency address,similar agency fax
995|Skytrend Employment Agency|similar agency address
1014|ALL THE BEST EMPLOYMENT LIMITED|similar agency telephone,similar agency fax
1016|SPECIAL ZONE OVERSEAS EMPLOYMENT (HONG KONG) LIMITED|similar agency address
1049|Stone Employment Agency|exact agency address,similar agency address,similar agency telephone,similar agency fax,similar money lender address
1063|Space Employment Agency|similar agency address,similar money lender address
1067|FURTHER CREATION EMPLOYMENT CENTRE|exact agency address,similar agency address,similar agency telephone,similar agency fax,similar agency email
1069|FURTHER CREATION EMPLOYMENT CENTRE|exact agency address,similar agency telephone,similar agency fax,similar agency email
1082|Perfect Maid Centre|similar agency address,similar agency fax
1083|P & P Employment Agency Limited|similar agency address
1090|OSCAR EMPLOYMENT CENTRE|exact agency address,similar agency address
1100|ASEAN EMPLOYMENT CENTRE|similar agency address
1102|J.C. SO (HONG KONG) RECRUITMENT AGENCY|similar agency address,similar agency email
1109|Asia-Ex Employment Centre|exact agency address,similar agency address,similar agency email
1117|SUPER MAID LIMITED|similar agency address,similar agency email
1122|EVER POWER SERVICE CO.|similar agency address,similar money lender address
1125|NEW WISH EMPLOYMENT AGENCY|exact agency address,similar agency address,similar agency fax
1129|Peony Employment Agency Limited|exact agency address,similar agency address,similar money lender address
1133|FUN FUN SERVICE LIMITED|similar agency address,similar money lender address
1140|MADAM JOE PROFESSIONAL DOMESTIC SERVICES COMPANY|similar agency address,similar money lender address
1149|St. Joseph's Employment Consultants|similar agency address,similar agency fax,similar agency email,similar money lender address
1162|Berkah Employment Consultant Centre|similar agency address,similar money lender address
1172|Top Aid Employment & Travel Services|similar agency address
1180|L AND A EMPLOYMENT AGENCY|similar agency address,similar money lender address
1187|JL Employment Centre|similar agency address,similar agency fax,similar agency email,similar money lender address
1192|PRIME-MAID EMPLOYMENT AGENCY|similar agency address,similar money lender address
1202|Job Leader Profession Consultant|similar agency address
1204|TOTAL RICH FUND LIMITED|exact agency address,similar agency address
1211|Lotus Employment Agency|similar agency address,similar agency email
1212|Lotus Employment Agency|similar agency email
1213|Lotus Employment Agency|similar agency address,similar agency email
1214|Lotus Employment Agency|similar agency email
1221|Ngai Kan Employment Agency|similar agency address,similar agency telephone,similar agency fax,similar agency email,similar money lender address
1231|Graceful-worker Employment Agency|similar agency address,similar money lender address
1238|Radiant Maid Agency Service Limited|similar agency address,similar agency telephone,similar agency fax
1250|SHUN FAT EMPLOYMENT CO|exact agency address,similar agency telephone,similar agency email
1255|HOUSE MAID AGENCY LIMITED|similar agency address
1256|HOUSE MAID AGENCY LIMITED|similar agency address,similar money lender address
1268|Prudential Employment Agency|similar agency address
1272|VIVA EMPLOYMENT SERVICES LIMITED|exact agency address,similar agency fax,similar agency email
1273|VIVA EMPLOYMENT SERVICES LIMITED|similar agency address,similar agency fax,similar agency email
1275|Dragon Castle Employment Agency Limited|similar agency address,similar agency fax
1280|FESDI EMPLOYMENT CENTRE|similar agency address,similar agency telephone,similar agency fax,similar agency email,similar money lender address
1281|FESDI EMPLOYMENT CENTRE|similar agency address,similar money lender address
1283|FESDI EMPLOYMENT CENTRE|similar agency address,similar agency fax
1291|R.O.A. Personnel and Employment Agency|similar agency address,similar money lender address
1292|PLEASANT HOUSE EMPLOYMENT CENTRE LIMITED|exact agency address
1294|Finished Contract Employment Center|exact agency address,similar agency address
1296|FAN IN EMPLOYMENT AGENCY LIMITED|similar agency address
1297|MRS. HUI EMPLOYMENT AGENCY|exact agency address,similar agency address,similar agency telephone,similar agency email
1298|Hong Kong Maid Agency|exact agency address,similar agency address
1309|WANG FULLCO EMPLOYMENT AGENCY LIMITED|exact agency address,similar agency telephone,similar agency fax
1324|Loyalty Team Employment Agency|similar agency address,similar agency email,similar money lender address
1325|Loyalty Team Employment Agency|similar agency address,similar agency email,similar money lender address
1330|ROYAL HOUSE EMPLOYMENT AGENCY|exact agency address,similar agency address
1332|HAPPY HOUSE EMPLOYMENT AGENCY|exact agency address,similar agency address
1333|HAPPY HOUSE EMPLOYMENT AGENCY|exact agency address,similar agency telephone,similar agency fax,similar agency email
1361|GBjobs.com Limited|similar agency address
1373|Bandung Enterprises|similar agency address,similar agency fax,similar agency email
1374|Bandung Enterprises|similar agency address,similar money lender address
1390|Grand Palace Employment Agency Centre|exact agency address,similar agency address,similar agency telephone,similar agency fax,similar agency email,similar money lender address
1398|FORTUNE STAR EMPLOYMENT AGENCY|exact agency address
1400|WING FAI EMPLOYMENT LIMITED|similar agency address
1412|MR. RIGHT EMPLOYMENT CENTRE|exact agency address,similar agency address,similar agency fax
1417|NICOLE'S EMPLOYMENT CONSULTANTS|exact agency address,similar agency telephone,similar agency email
1420|JET SYSTEM PACIFIC LIMITED|similar agency address,similar agency telephone,similar agency fax,similar agency email
1421|JET SYSTEM PACIFIC LIMITED|exact agency address,similar agency telephone,similar agency fax,similar agency email
1427|TOP WORLDWIDE PROFESSIONAL SERVICES CO.|similar agency address,similar money lender address
1431|HO MAN EMPLOYMENT AGENCY|exact agency address,similar agency fax,similar agency email,similar money lender address
1436|NAULI EMPLOYMENT AGENCY COMPANY LIMITED|exact agency address,similar agency telephone,similar agency fax,similar agency email
1439|WARM HOUSE EMPLOYMENT SERVICES CENTRE LIMITED|similar agency address,similar agency telephone,similar agency fax,similar agency email
1440|WAH YING EMPLOYMENT CENTRE|similar agency address
1441|KAMPO EMPLOYMENT AGENCY|similar agency email
1444|THREE STAR EMPLOYMENT AGENCY LIMITED|similar agency address
1456|TOP RESOURCES CONSULTANCY COMPANY|exact agency address,similar agency address,similar agency telephone,similar agency fax
1468|Smart B Employment Service Co.|similar agency address
1469|Mamie Employment Centre Limited|exact agency address,similar agency telephone,similar agency fax,similar agency email
1473|Excel Famous Domestic Helper Consultant Limited|similar agency telephone,similar agency email
1474|Excel Famous Domestic Helper Consultant Limited|similar agency telephone,similar agency email
1485|Yuk Fai Employment Agency|similar agency address
1486|Yuk Fai Employment Agency|similar agency address
1501|LINK HEART EMPLOYMENT|similar agency address
1503|FAVOR MAID EMPLOYMENT AGENCY|exact agency address,similar agency telephone,similar agency fax,similar agency email
1506|ENDURANCE EMPLOYMENT AGENCY|exact agency address,similar agency address
1509|RCI International Employment Agency Limited|exact agency address,similar agency telephone,similar agency fax
1510|S & B Employment & Travel Centre|similar agency fax,similar money lender address
1512|NEW FORSEE EMPLOYMENT AGENCY|exact agency address,similar agency address,similar agency fax
1532|Hong Kong Financial Talent Consultant Company Limited|exact agency address,similar agency address
1533|Hong Kong Financial Talent Consultant Company Limited|exact agency address,similar money lender address
1544|SUKI EMPLOYMENT SERVICE COMPANY|similar agency address
1550|FIRST ONE DOMESTIC AGENCY COMPANY LIMITED|similar agency address,similar money lender address
1567|R&E; Employment Agency|similar agency address,similar money lender address
1574|FAI SING (HONG KONG) LIMITED|exact agency address,similar agency telephone,similar agency fax
1578|Unlimited Source Co.|similar agency address
1591|GUARDIAN EMPLOYMENT AGENCY|similar agency address
1595|JOIN-UP|similar agency address,similar money lender address
1596|FIORI MEGA STAR EMPLOYMENT AGENCY LIMITED|exact agency address,similar agency address,similar agency fax,similar agency email
1600|UNITED FAMILY EMPLOYMENT AGENCY|similar agency address,similar agency fax
1604|Easy Maid Employment Agency Limited|similar agency address,similar money lender address
1615|CHAMPION EMPLOYMENT|similar agency address,similar agency telephone,similar agency fax,similar agency email,similar money lender address
1618|BONBON EMPLOYMENT AGENCY CENTRE|similar agency address,similar money lender address
1620|Rising Sun Employment Agency|exact agency address,similar agency address,similar agency fax
1630|Ensemble Human Resources Co. Limited|similar agency address,similar agency telephone,similar agency fax,similar agency email
1631|Ensemble Human Resources Co. Limited|similar agency address,similar agency telephone,similar agency fax,similar agency email
1633|Tomato Employment Service Co. Limited|similar agency address
1641|Dickson Employment Agency|exact agency address
1642|MANDA EMPLOYMENT LIMITED|similar agency address
1647|OEC OVERSEAS EMPLOYMENT CENTRE|similar agency address,similar agency email
1654|HOME CARE EMPLOYMENT AGENCY LIMITED|exact agency address,similar agency address,similar agency telephone,similar agency fax,similar agency email,similar money lender address
1655|HOME CARE EMPLOYMENT AGENCY LIMITED|similar agency address,similar agency telephone,similar money lender address
1667|CHAN'S ASIA RECRUITMENT CENTRE|similar agency address
1675|GRANDE EMPLOYMENT CENTRE|similar agency address,similar money lender address
1677|FIRST CAPITAL RESOURCES GROUP LIMITED|exact agency address,similar agency address,similar agency telephone,similar agency fax,similar agency email
1680|Best of Best (BOB) Employment Centre|similar agency address,similar agency fax,similar agency email,similar money lender address
1688|S & P Employment Centre|similar agency address
1691|Wecarehelpers Employment Agency|similar money lender address
1711|FUN TOP EMPLOYMENT SERVICE COMPANY|exact agency address,similar agency address,similar agency telephone,similar agency fax,similar money lender address
1725|KING BEST HOLDINGS LIMITED|similar agency address,similar agency fax
1735|TACKLE STAR|similar agency address,similar agency fax,similar money lender address
1736|CAREGIVER CO.|similar agency address,similar money lender address
1741|Modern Employment Agency Company|similar agency address,similar money lender address
1748|CAREHOUSE EMPLOYMENT COMPANY|similar agency address,similar money lender address
1754|GLORY SKY EMPLOYMENT CO.|similar agency address,similar money lender address
1766|520 Employment Agency|similar agency address,similar money lender address
1770|DIANA Human Resources|exact agency address,similar agency address,similar agency fax
1773|Emperor Tai Po Employment Co.|similar money lender address
1782|Thinks Maids Agency|similar agency address,similar money lender address
1785|MAIDSDOT.COM LIMITED|exact agency address,similar agency fax,similar agency email
1797|HONG KING DOMESTIC HELPER AGENCY|similar agency address
1811|MABEL EMPLOYMENT AGENCY|exact agency address,similar agency address,similar money lender address
1814|HELPER SEARCH TECHNOLOGIES LIMITED|similar agency address,similar agency fax
1819|PRICERITE MAID LIMITED|exact agency address,similar agency address
1820|SSP JOYFUL EMPLOYMENT CONSULTANTS|similar agency address
1823|Powerman Employment Limited|similar agency address
1832|Mission Light Employment Agency|exact agency address
1850|SUN STAR EMPLOYMENT AGENCY|similar agency address,similar money lender address
1858|Vast Sky Employment Limited|similar agency address
1860|Maid Best Limited|exact agency address,similar agency address,similar agency fax,similar agency email
1861|Maid Best Limited|similar agency telephone,similar agency email
1863|A&F; EMPLOYMENT CENTRE|exact agency address,similar agency address,similar agency telephone,similar agency fax,similar agency email
1864|A&F; EMPLOYMENT CENTRE|exact agency address,similar agency address,similar agency telephone,similar agency fax,similar money lender address
1865|A&F; EMPLOYMENT CENTRE|exact agency address,similar agency address,similar agency telephone,similar agency fax
1866|A&F; EMPLOYMENT CENTRE|exact agency address,similar agency address,similar agency telephone,similar agency fax,similar agency email
1871|SMILE LADY EMPLOYMENT AGENCY|similar agency address,similar money lender address
1873|YU FUNG EMPLOYMENT AGENCY|similar agency address
1876|King Master Employment Agency Co.|similar agency address
1881|NF Employment And Trading Co.|similar agency address,similar money lender address
1883|KARRYEN EMPLOYMENT AGENCY|similar agency address
1912|TAKEME EMPLOYMENT AGENCY|similar agency address,similar agency telephone,similar agency fax,similar agency email
1917|KA YIN EMPLOYMENT CENTRE|similar agency telephone,similar agency fax
1918|KA YIN EMPLOYMENT CENTRE|similar agency address,similar agency telephone,similar agency fax,similar money lender address
1926|Talent (Kenya) Company Limited|similar agency address
1931|Gold Profit Employment Agency|similar agency address,similar money lender address
1937|JOVIAL EMPLOYMENT CENTRE|exact agency address,similar agency address
1941|Hollywood Employment Agency|exact agency address,similar agency address
1966|GOLDEN PEAK EMPLOYMENT AGENCY|exact agency address,similar agency telephone,similar agency fax,similar agency email
1969|Salok Employment Centre Limited|similar agency address
1972|HING LUNG INTERNATIONAL EMPLOYMENT COMPANY|similar agency address
1993|Flourish Employment Agency|similar agency address,similar money lender address
1997|EVERBEST MAIDS EMPLOYMENT AGENCY|similar agency address
2006|The Glory International Employment Agency|similar money lender address
2011|TAYLOR AGENCY CO|similar agency address
2017|SUNNY EMPLOYMENT SERVICE LIMITED|similar agency address
2019|FORMICA MAID CENTRE|similar agency address,similar money lender address
2028|Gracefield Employment Service Limited|exact agency address,similar agency address,similar agency telephone
2034|SAG CONSULTANT LIMITED|exact agency address
2038|Good & Good Consultant Top Up Center|exact agency address
2041|GET ON EMPLOYMENT AGENCY|similar agency address,similar agency email,similar money lender address
2048|Hilljoy Employment|similar agency address,similar money lender address
2072|GOLDEN WIN EMPLOYMENT AGENCY LIMITED|similar agency address
2073|GOLDEN WIN EMPLOYMENT AGENCY LIMITED|similar agency address
2088|UNIQUE EMPLOYMENT CENTRE LIMITED|exact agency address,similar agency address,similar agency fax
2089|UNIQUE EMPLOYMENT CENTRE LIMITED|similar agency address
2131|FABULOUS EMPLOYMENT AGENCY|similar agency address
2148|CITY EMPLOYMENT PARADISE CO.|similar agency address,similar agency fax
2149|CITY EMPLOYMENT PARADISE CO.|exact agency address,similar agency fax
2151|CITY EMPLOYMENT PARADISE CO.|similar agency address,similar money lender address
2152|CITY EMPLOYMENT PARADISE CO.|similar agency address,similar agency telephone,similar agency fax,similar agency email,similar money lender address
2153|TSUEN WAN EMPLOYMENT PARADISE CO.|exact agency address,similar agency address,similar agency telephone,similar agency fax,similar agency email
2156|FAIR CHOICE DOMESTIC HELPER SERVICES|exact agency address,similar agency address
2159|SUKAIKU EMPLOYMENT AGENCY|similar agency address,similar money lender address
2160|IN HEART EMPLOYMENT AGENCY LIMITED|similar agency address,similar agency email
2161|IN HEART EMPLOYMENT AGENCY LIMITED|similar agency address,similar agency email
2162|IN HEART EMPLOYMENT AGENCY LIMITED|similar agency address,similar agency email
2172|Genial Employment Centre|similar agency address
2176|Spring Up Overseas Employment Agency Limited|similar agency address
2179|IAAS Consulting Group|exact agency address
2184|Full Moon Employment Agency Limited|similar agency address,similar money lender address
2190|WING MING EMPLOYMENT SERVICES|similar agency address,similar agency telephone,similar agency fax,similar agency email
2191|WING MING EMPLOYMENT SERVICES|similar agency fax,similar agency email
2192|WING MING EMPLOYMENT SERVICES|similar agency telephone
2193|WING MING EMPLOYMENT SERVICES|similar agency address,similar agency telephone,similar agency email
2200|MASTERWELL COMPANY|similar agency address
2212|ISLAND WEST EMPLOYMENT PARADISE CO.|exact agency address,similar agency fax
2213|O-raiser Employment Agency Company Limited|exact agency address,similar agency address,similar agency fax
2227|KING'S ONE EMPLOYMENT AGENCY|similar agency address,similar agency fax
2232|SMOOTH MAID EMPLOYMENT AGENCY LIMITED|exact agency address,similar agency address,similar agency telephone,similar agency fax
2244|Skyway Employment Agency Limited|exact agency address,similar agency address,similar money lender address
2275|SCENEWAY EMPLOYMENT PARADISE CO.|similar agency address,similar agency telephone,similar agency fax,similar agency email
2280|Intimate Employment Agency Limited|similar agency address
2282|HONEST HUMAN RESOURCES CENTRE|similar agency address,similar agency email
2284|Great Advance Employment Service Limited|exact agency address,similar agency address
2300|SINCERE COMPANY|exact agency address,similar agency address,similar agency email
2302|SINCERE COMPANY|similar agency address,similar agency telephone,similar agency fax,similar agency email
2303|SINCERE COMPANY|similar agency address,similar agency telephone,similar agency fax,similar agency email
2311|DILIGENT EMPLOYMENT|similar agency address,similar agency fax
2313|Guru Employment Services Centre|similar agency address
2328|WINSOME EMPLOYMENT LIMITED|similar agency address
2330|MING YIP CONSULTANT|similar agency address,similar agency fax
2347|Trontastic Employment Agency Limited|similar money lender address
2360|PEACEFUL COMPANY|similar agency address,similar agency telephone,similar agency email
2361|DBBC SERVICES|similar agency address
2364|HKBS|exact agency address,similar agency fax
2365|e-Job|exact agency address,similar agency fax
2375|Yat Li Employment Centre|similar agency address
2402|EAST STAR RECRUITMENT|similar agency address
2421|GOLDEN JOY EMPLOYMENT AGENCY LIMITED|similar agency address,similar money lender address
2429|Emma Maids Employment Centre|similar agency address
2432|SAINT KAI EMPLOYMENT SERVICE|similar agency address
2448|Big Big Employment Agency|similar agency address
2467|ZENTRALINK MAID CONSULTANT|similar agency address,similar money lender address
2480|Happy Heart Employment Center|similar agency address,similar money lender address
2488|Prosperity Employment Centre|similar agency address
2501|Snow Employment & Travel Centre|similar agency fax
2528|GOLDEN OCEAN EMPLOYMENT COMPANY|similar money lender address
2533|FUK HONG EMPLOYMENT CENTRE LIMITED|similar agency address
2539|THE ONE HELPER AGENCY|similar agency address,similar agency telephone,similar agency fax
2555|Gary's Employment Agency Company Limited|exact agency address,similar agency address,similar agency fax
2558|Graceful Heart Agency Limited|similar agency address
2563|Karen Chan Hong Kong Limited|similar agency address
2566|LT Domestic Helper Agency Limited|similar agency address,similar agency telephone,similar agency fax
2569|JIM CITY EMPLOYMENT AGENCY|exact agency address,similar agency fax
2577|STARRY EMPLOYMENT SERVICES COMPANY|similar agency address
2578|Lee Wah Employment Limited|exact agency address
2586|Helpers Market International Recruitment Limited|exact agency address,similar agency address,similar agency telephone,similar agency email
2591|Asian Developing Talent|exact agency address,similar agency address
2596|Ming Hin Domestic Helper Agency|similar agency address
2620|A & W EMPLOYMENT SERVICES CENTRE|similar agency address,similar money lender address
2622|FULLY HUMAN RESOURCE AGENCY COMPANY|exact agency address,similar agency address,similar agency fax
2664|GRAND WINNERS EMPLOYMENT CENTRE|exact agency address,similar agency address,similar agency fax,similar money lender address
2675|PRITZ EMPLOYMENT AGENCY|similar agency address,similar money lender address
2681|JobsMart Asia|similar agency address
2682|JobsMart Asia|similar agency address,similar agency email,similar money lender address
2683|JobsMart Asia|similar agency address,similar agency email
2693|BRIGHT STAR EMPLOYMENT AGENCY|similar agency address
2702|TOP QUALITY EMPLOYMENT AGENCY COMPANY|similar agency address,similar agency email
2709|MACKEY EMPLOYMENT AGENCY|similar agency address,similar money lender address
2714|PILIPINO OVERSEAS WORKERS CLUB LIMITED|similar agency address,similar agency email
2718|Onon Agency Limited|exact agency address,similar agency address
2726|EASY CHOICE EMPLOYMENT SERVICES LIMITED|similar agency address
2728|J Rich Employment Agency Co. Limited|similar agency address
2736|SinoFilipino Company Limited|similar money lender address
2743|Live-in Seedling Employment Service Co.|similar agency telephone,similar agency fax,similar money lender address
2745|U.A. EMPLOYMENT CENTER|exact agency address,similar agency address,similar agency fax
2751|Helperspro Employment Agency Limited|exact agency address,similar agency address
2812|SHINING HOME EMPLOYMENT AGENCY LIMITED|similar money lender address
2834|CAPITAL SUN EMPLOYMENT CENTRE|similar agency address,similar money lender address
2836|WITH HEART EMPLOYMENT AGENCY LIMITED|similar money lender address
2879|HONG KONG DH EMPLOYMENT CENTRE|similar agency address
2880|HONG KONG DH EMPLOYMENT CENTRE|exact agency address,similar agency address
2885|Island Employment Service Company Limited|similar agency address
2887|Serious Employment Centre Limited|similar agency address
2897|KMGG GROUP GLOBAL COMPANY LIMITED|similar agency address,similar money lender address
2913|C.K. Employment Consultant Centre|similar agency address,similar money lender address
2919|JOYFUL FAMILY EMPLOYMENT AGENCY LIMITED|similar agency address
2920|HelperLink|similar agency address,similar money lender address
2929|MY SWEET HOME EMPLOYMENT AGENCY|similar agency address
2930|MY SWEET HOME EMPLOYMENT AGENCY|similar agency address,similar agency email
2931|MY SWEET HOME EMPLOYMENT AGENCY|similar agency address,similar money lender address
2932|MY SWEET HOME EMPLOYMENT AGENCY|similar agency address,similar agency email
2936|MAIDSEEKERS CLUB|similar agency address
2959|TOP JOY EMPLOYMENT SERVICES LIMITED|similar agency address
2977|BOSS HELPER EMPLOYMENT COMPANY LIMITED|similar agency address
2991|CJN EMPLOYMENT CONSULTANCY|similar agency address,similar money lender address
2992|MIRACLE EMPLOYMENT AGENCY|similar agency address,similar money lender address
2996|LUCKY MAIDS JOB CENTRE|exact agency address,similar agency address,similar agency telephone
3000|Pure Employment Center|similar agency address
3001|KA SHING MANPOWER AGENCY|exact agency address
3003|WT (Asia) Employment Centre|similar agency address,similar money lender address
3006|LEADER PRO EMPLOYMENT COMPANY LIMITED|exact agency address,similar agency address
3010|GOOD LUCK EMPLOYMENT CENTRE|similar agency address
3011|Merci Employment Agency Limited|similar agency email
3035|STEP ONE EMPLOYMENT AGENCY|similar agency address
3047|ANLIDA|exact agency address,similar agency address,similar agency telephone,similar agency fax,similar money lender address
3054|ANCITY EMPLOYMENT CENTRE|similar agency address,similar money lender address
3055|ENXI CONSULTANT|similar agency address
3061|KINDLY EMPLOYMENT SERVICES|similar agency address
37|Ivy's Agency (H.K.)|similar agency email
57|Beatrice Filipino Domestic Helpers|similar agency address,similar agency telephone,similar agency fax
64|Laguna Employment Service|similar agency address
68|Sing Fai (Hong Kong) Co.|exact agency address,similar agency fax
139|Top Maids Employment Agency|similar agency address,similar agency fax,similar agency email
143|Top Make Enterprise|similar agency address,similar agency fax,similar agency email
150|KA WO CONSULTANTS LIMITED|exact agency address,similar agency telephone,similar agency fax,similar agency email
158|Pacific Jet Consultants|similar agency address
167|ASIA-ONE EMPLOYMENT AGENCY|exact agency address,similar agency address
169|ASIA-ONE EMPLOYMENT AGENCY|similar agency address
178|Reliable Employment Services Limited|exact agency address
180|Good Link Consultants|similar agency telephone,similar agency fax,similar agency email
181|Good Link Consultants|similar agency telephone,similar agency fax,similar agency email
199|Mrs. MA's Employment Services|similar agency address,similar agency telephone,similar agency fax,similar agency email
207|Win-helper Employment Centre|similar money lender address
234|Yick Tung Hong|similar agency address
244|Right Choice Overseas Employment Centre Limited|exact agency address,similar agency fax,similar agency email
257|Hok Tsui Company|similar agency address
260|K&P; Employment Agency|exact agency address,similar agency telephone,similar agency fax,similar agency email
261|K&P; Employment Agency|similar agency telephone,similar agency fax,similar agency email,similar money lender address
295|Sunlight Employment Agency|similar agency address
313|C. & K. ENTERPRISES COMPANY LIMITED|exact agency address,similar agency telephone,similar agency email
316|Win Dragon Employment Limited|similar agency address
332|Good Fellow Resources Company Limited|exact agency address,similar agency address
341|Pak On (Hong Kong) Company Limited|exact agency address,similar agency telephone,similar agency email
346|Top Dragon Employment Agency|similar agency address
352|POPULAR LINK CORPORATION LIMITED|similar agency address
355|Polymark Limited|similar money lender address
361|Good Rich Employment Agency Centre|exact agency address
383|Tommy Employment Services|exact agency address,similar agency address
389|Jedegal Consultants Co.|similar agency fax,similar agency email
395|Allwin Employment Centre Limited|exact agency address
396|Allwin Employment Centre Limited|exact agency address,similar agency address,similar money lender address
415|H W Employment Agency Centre|similar agency address,similar agency fax
424|LEADER EMPLOYMENT COMPANY LIMITED|similar agency email
430|The Lucky Co|similar agency address
436|Thankful Employment Agency Co.|similar agency address
438|Get Maid Agency|exact agency address,similar agency fax,similar agency email
448|ANDA CO.|similar agency address
450|Best United Employment Agency|similar agency address,similar money lender address
457|Ming Tak Services Company|similar agency fax,similar agency email
462|Beautiful House Employment Agency|similar agency address,similar money lender address
474|Fortune In Employment Agency Co.|similar agency address
498|New Life Employment Services Centre|similar agency address
500|Regent Pacific Service Company|exact agency address,similar agency fax
533|Brilliant Employment Consultant|exact agency address,similar agency fax,similar agency email
547|Hung Chau Company Limited|exact agency address,similar agency address,similar agency telephone,similar agency fax
550|Kai Sing Employment Agency|exact agency address,similar agency address,similar agency email
563|Kong Yu Company|exact agency address
571|Accuracy Employee Agency|similar agency address
572|Alim Prima Employment Agency|similar agency address
574|New Hope Employment Agency|similar agency address
576|LogonCorp Employment Agency|similar agency address
584|A Maids Employment Service Centre|similar agency address,similar money lender address
588|Goodwill Placement Services Limited|exact agency address
598|Arrow Employment Services|exact agency address,similar agency telephone,similar agency fax,similar agency email
605|FullHeart Employment Agency|similar agency address,similar money lender address
639|RAHARJA HK|similar agency address
654|MAIDS SHOP EMPLOYMENT AGENCY|exact agency address,similar agency address
660|AIE Employment Centre|exact agency address,similar agency address,similar agency telephone,similar agency fax
662|ANSTAR LIMITED|similar agency address
673|Cable Employment Service Limited|exact agency address,similar agency address,similar agency telephone
680|VIEW RISE MAID SERVICE|similar agency address,similar money lender address
692|STAR CARE EMPLOYMENT AGENCY|similar agency telephone,similar agency fax,similar agency email
694|STAR CARE EMPLOYMENT AGENCY|similar agency telephone,similar agency fax
701|Singapore Employment Limited|exact agency address
702|Advantage Consultant Co.|similar agency address,similar agency fax
706|Hallmark Employment Center|similar agency address,similar money lender address
710|Air Win Employment Co.|similar agency address
713|BIR EMPLOYMENT AGENCY LIMITED|similar agency email
719|SAINT HAPPY MAIDS AGENCY|similar agency address
720|SAINT HAPPY MAIDS AGENCY|exact agency address,similar agency address,similar money lender address
743|Royalcorp Employment Agency Limited|exact agency address,similar agency telephone,similar agency email
760|Prima Success Services Company|exact agency address
776|ALL RIGHT EMPLOYMENT AGENCY|similar agency address
782|Lei Da Employment Centre|exact agency address,similar agency address,similar money lender address
793|SPLENDID EMPLOYMENT CENTRE|similar agency address
794|OLYMPIA EMPLOYMENT COMPANY|exact agency address,similar agency fax
796|Warranty Employment Agency|exact agency address,similar agency address
807|HARVEST DAY EMPLOYMENT AGENCY|exact agency address,similar agency address
842|BOSS DRAGON EMPLOYMENT CENTRE LIMITED|similar agency address,similar money lender address
860|Mei Maid Employment Agency|similar agency address
873|StarAsia Employment Agency Co.|exact agency address,similar money lender address
877|CARVEN EMPLOYMENT CO.|similar agency address,similar money lender address
901|INDO INDAH EMPLOYMENT AGENCY|similar agency address,similar money lender address
919|GENIUSCOM INTERNATIONAL|similar agency address
920|MAID KINGDOM EMPLOYMENT SERVICES LIMITED|similar agency address
931|FORECAST EMPLOYMENT CONSULTANT LIMITED|exact agency address
972|Chen Chen Co|exact agency address,similar agency address,similar agency fax
975|PO MING EMPLOYMENT LIMITED|similar agency address
1000|Cheers Employment Limited|exact agency address
1003|MEGADIME CONSULTANT|similar agency address,similar money lender address
1013|KAH KAH EMPLOYMENT|similar agency address
1050|WRIGHT INT'L MANPOWER COMPANY|exact agency address
1080|WAIKIKI SERVICES & TRADING|similar money lender address
1081|Perfect Maid Centre|similar agency fax
1103|YING FUNG ASIA (OVERSEA) AGENCY CO|similar agency address,similar money lender address
1146|KAREN & COMPANY|similar agency fax
1148|Good Helper Agency|similar agency address
1186|JL Employment Centre|similar agency fax,similar agency email
1196|CB Consultants|exact agency address,similar agency telephone,similar agency fax,similar agency email
1198|J'S EMPLOYMENT AGENCY|exact agency address,similar agency address,similar money lender address
1220|Liberty Employment Agency|similar agency address,similar agency telephone,similar agency fax,similar money lender address
1236|DYNASTY EMPLOYMENT CENTRE LIMITED|similar money lender address
1241|LI WING EMPLOYMENT CENTRE|exact agency address,similar agency telephone,similar agency fax,similar agency email
1260|HelperHK Limited|exact agency address
1276|Chris Benne|exact agency address,similar agency telephone,similar agency fax
1278|FESDI EMPLOYMENT CENTRE|similar agency address,similar agency telephone,similar agency fax
1285|FESDI EMPLOYMENT CENTRE|similar agency telephone,similar agency fax,similar agency email
1286|FESDI EMPLOYMENT CENTRE|similar agency address
1287|FESDI EMPLOYMENT CENTRE|similar agency address
1295|FAN IN EMPLOYMENT AGENCY LIMITED|similar agency fax
1313|SKYPLUS EMPLOYMENT AGENCY|similar agency address
1334|Sa Sa Employment Agency|exact agency address,similar agency address,similar agency telephone
1345|AMARA EMPLOYMENT AGENCY|similar agency address
1375|Bandung Enterprises|similar agency email
1376|Bandung Enterprises|similar agency address,similar agency email
1415|K & H Employment Agency|exact agency address,similar agency address,similar agency fax,similar agency email
1435|PARK EMPLOYMENT AGENCY|similar agency address
1451|WELL SHINE CO.|similar agency fax,similar agency email
1452|WELL SHINE CO.|similar agency address,similar agency fax,similar agency email
1461|SHUN ON DEVELOPMENT COMPANY LIMITED|exact agency address
1487|Yuk Fai Employment Agency|similar agency address
1491|Juliana Company Limited|similar agency address
1516|GRACEFUL TRAVEL COMPANY|exact agency address,similar agency address,similar money lender address
1589|TEH WONG MANPOWER|exact agency address,similar agency telephone,similar agency fax,similar agency email
1605|DREAM EMPLOYMENT AGENCY|similar agency address
1640|SZE YUEN AGENCY CO|similar agency address,similar money lender address
1649|GTS Employment Agency|similar agency address
1664|DMDD LIMITED|similar agency address
1668|Shatin Employment Paradise Co.|exact agency address,similar agency address
1670|HAVE MAID EMPLOYMENT AGENCY|similar agency address,similar money lender address
1679|Best of Best (BOB) Employment Centre|similar agency fax,similar agency email
1715|TOP VARIANT LIMITED|exact agency address,similar agency address,similar money lender address
1742|First Company|exact agency address
1743|DATA MANPOWER CENTRE|similar agency address
1791|WANGIE EMPLOYMENT CO|exact agency address
1899|HELPERRECRUIT ALLIANCE|similar agency address,similar money lender address
1913|CLARICH EMPLOYMENT COMPANY|exact agency address,similar agency fax
2003|PRESENT EMPLOYMENT SERVICES CENTRE|similar agency address
2020|INDO-CHINESE EMPLOYMENT LIMITED|similar agency address
2040|GET ON EMPLOYMENT AGENCY|similar agency address
2074|Golden Queen Employment Agency Limited|similar agency address
2086|VENUS CHAN EMPLOYMENT AGENCY|similar agency address
2093|H&H; DEVELOPMENT LIMITED|similar money lender address
2165|Best Ka Hei Employment Agency|similar money lender address
2166|Kex Industrial Company|similar agency address,similar agency telephone,similar agency fax
2187|M. Wise Company|similar agency address,similar agency telephone
2241|FULBRIGHT GROUP|exact agency address
2264|ABILITY AND COMPANY|exact agency address,similar agency address
2272|UNITED TALENTS EMPLOYMENT AGENCY|similar agency address,similar money lender address
2281|HONEST HUMAN RESOURCES CENTRE|similar agency email
2285|SOLO EMPLOYMENT AGENCY|similar agency address,similar money lender address
2301|SINCERE COMPANY|similar agency email
2324|Limastar Employment Agency Limited|exact agency address
2337|EMSON EMPLOYMENT AGENCY|similar agency email
2359|PEACEFUL COMPANY|similar agency telephone,similar agency email
2377|CHAK HANG COMPANY LIMITED|similar agency address,similar agency telephone
2418|WONG'S EMPLOYMENT AGENCY COMPANY|similar money lender address
2535|TOP ONE EMPLOYMENT AGENCY|similar agency address
2538|THE ONE HELPER AGENCY|similar agency telephone,similar agency fax
2545|AETERNA CONSULTANTS|exact agency address,similar money lender address
2548|EMPIRE HILL EMPLOYMENT LIMITED|exact agency address,similar agency address
2549|WAI TO CONSULTANTS COMPANY|similar money lender address
2550|Grand Bee Trade Plus|exact agency address,similar agency fax,similar agency email
2561|WESTLAKE MANPOWER RESOURCES CO.|exact agency address,similar agency address,similar agency telephone,similar agency email
2619|BTI COURIER EXPRESS|exact agency address,similar agency telephone,similar agency fax,similar agency email
2653|FARDIANSYAH INTERNATIONAL LIMITED|exact agency address
2703|TOP QUALITY EMPLOYMENT AGENCY COMPANY|similar agency email
2721|CAMBRIDGE CONSULTANTS|similar agency fax
2730|YUE FAT EMPLOYMENT AGENCE|similar agency address
2737|Fong Wah Trading Co|exact agency address,similar agency telephone,similar agency fax
2788|ASSURANCE SERVICES CO.|similar agency address
2816|TOKO-OK EMPLOYMENT AGENCY|similar agency address
2844|JOY RICH INC LIMITED|similar agency address
2850|Precise Employment Agency|similar agency address
2867|EC5M LIMITED|exact agency address,similar agency fax
2933|WAYANG EMPLOYMENT AGENCY CO. LIMITED|similar agency address
2952|KS EMPLOYMENT CENTRE|similar money lender address
2960|DEO EMPLOYMENT AGENCY|similar agency address
2969|NU PARTNER EMPLOYMENT AGENCY|exact agency address,similar agency fax,similar money lender address
2985|Casa Care Employment Agency|exact agency address,similar money lender address
3025|GOLDEN CREATION EMPLOYMENT CENTRE|similar agency address
3048|ANLIDA|exact agency address,similar agency address,similar money lender address
38|Helpful Company|similar agency fax
60|Deansenew Trading Company|similar agency address
87|TRI-UNION Co|similar agency address
102|Wellcome Greenland Employment Centre|exact agency address
175|W.F. Employment Services|exact agency address
179|Wai Fu Employment Agency|exact agency address
195|Rickson Co.|exact agency address
202|H.K. Indonesian Maid Agency Co.|similar agency address
240|Apec Employment Agency|exact agency address,similar agency fax,similar money lender address
300|T & H Employment Centre|exact agency address
323|Blue Sky Co.|similar agency address,similar agency telephone,similar agency fax
388|Lik Keung Employment Agency|similar agency address
408|Tai Ping Employment Agency|similar agency telephone,similar agency fax,similar agency email
409|Grand View Employment Agency Limited|exact agency address
458|Wellcome Employment Centre Limited|exact agency address
472|HERO INDONESIA|similar agency address,similar agency fax
536|Ka Wai Employment Company|similar money lender address
539|Lekko Maid Consultants|exact agency address
549|Hung Chau Company Limited|exact agency address
553|Po Fung Investment (H.K.) Limited|similar agency address
575|LogonCorp Employment Agency|exact agency address
603|Cheerful Consultants Co.|similar agency address
630|Merci Supplies and Services|similar agency address
661|ANSTAR LIMITED|exact agency address,similar agency address
677|Easyhome Employment Agency|similar agency address
717|Every Good Company|similar agency address
733|Golden Link Employment Agency|exact agency address
746|Popular Employment Services|similar money lender address
763|Homes Employment Agency Limited|exact agency address,similar agency address
764|Homes Employment Agency Limited|exact agency address
772|LogOn Employment Agency|exact agency address
795|DAYWIN CONSULTANT|exact agency address
839|JOLLITY FAMILY EMPLOYMENT CONSULTANTS|exact agency address
844|YING'S EMPLOYMENT SERVICES COMPANY|exact agency address
849|GoodHelp Services Company|similar money lender address
854|MISSION EMPLOYMENT AGENCY LIMITED|exact agency address
872|Eighty-8 Employment Agency|exact agency address
909|C & D EMPLOYMENT AGENCY|similar agency fax
922|STARLINK EMPLOYMENT AGENCY|exact agency address
973|Chen Chen Co|exact agency address,similar agency address,similar agency fax
1012|KAH KAH EMPLOYMENT|similar agency address
1037|Y2K Employment Agency|exact agency address
1064|SUPA Employment Agency|exact agency address,similar money lender address
1177|T & J Consultants|similar agency address,similar money lender address
1203|J & P Employment Agency|similar agency telephone,similar agency fax,similar agency email
1219|Liberty Employment Agency|similar agency telephone,similar agency fax
1259|JDC Employment|similar money lender address
1277|FESDI EMPLOYMENT CENTRE|exact agency address
1279|FESDI EMPLOYMENT CENTRE|exact agency address
1282|FESDI EMPLOYMENT CENTRE|exact agency address
1284|FESDI EMPLOYMENT CENTRE|exact agency address,similar money lender address
1391|Team Mate Employment Agency Limited|exact agency address
1424|Si Wing Employment Agency|exact agency address
1513|VAST ASCENT GLOBAL LIMITED|similar agency address
1597|FIORI MEGA STAR EMPLOYMENT AGENCY LIMITED|exact agency address
1610|Colorlight Maids Agency Limited|exact agency address
1635|Veco Company|exact agency address
1720|Fil-Indo Employment Resources Co.|exact agency address
1763|Delight Employment Agency|similar agency address,similar money lender address
1801|directhire.hk|exact agency address,similar agency fax
1810|Information Highway|similar agency address
1831|TITAN EMPLOYMENT AGENCY|similar agency address
1851|Top Century Employment Centre|similar agency address
1893|Maid Collection Limited|similar money lender address
1945|BECARE EMPLOYMENT SERVICE CENTRE|exact agency address,similar money lender address
1961|GIN-POWER EMPLOYMENT AGENCY|similar agency address
1994|Flourish Employment Agency|similar agency address
2178|POINTS AGENCY|exact agency address,similar agency fax
2201|SAIKO HONG|similar money lender address
2278|HELPER EASY LIMITED|exact agency address,similar agency address,similar agency telephone
2395|HelperMatch Employment Agency|similar agency address
2420|MAKA Employment Agency|exact agency address
2731|Helper Land|similar agency address,similar money lender address
2750|CCJ Consultants Company|similar agency address
3036|SEBASTIAN|exact agency address,similar agency telephone,similar money lender address
266|Sing Ho Co.|exact agency address
417|H W Employment Agency Centre|exact agency address
3046|ANLIDA|similar agency address
969|Bright International Services Co.|similar agency address,similar money lender address
2357|EMERALD CONSULTANCY & TRADING COMPANY|similar agency address,similar money lender address
272|Sumber Makmur Trading Co.|exact agency address,similar agency address,similar agency telephone,similar agency fax,similar agency email,similar money lender address
617|Asia Pioneer Employment Agency|similar agency address,similar money lender address
1356|MAID YOURS EMPLOYMENT AGENCY|similar agency address,similar money lender address
1490|One Element Consultant|similar agency address,similar money lender address
1570|KENESSA EMPLOYMENT AGENCY & TRADING CO.|similar agency address,similar money lender address
1653|HOME CARE EMPLOYMENT AGENCY LIMITED|exact agency address,similar agency address,similar agency telephone,similar agency fax,similar agency email,similar money lender address
777|DANIEL EMPLOYMENT AGENCY|similar money lender address
992|MAIDSLAND EMPLOYMENT AGENCY|similar agency address,similar agency fax,similar money lender address
1975|VIERO HUMAN RESOURCES CO.|similar agency address,similar money lender address
2042|GET ON EMPLOYMENT AGENCY|similar agency address,similar agency email,similar money lender address
2271|UNITED TALENTS EMPLOYMENT AGENCY|similar agency address,similar money lender address
2283|SUNTEL ENTERPRISES|exact agency address,similar agency address,similar agency fax,similar money lender address
2424|P&L; EMPLOYMENT AGENCY|similar agency address,similar money lender address
3034|ELITE OVERSEA EMPLOYMENT AGENCY|exact agency address,similar agency address,similar money lender address
