govid|english_name|address

85|Luckyflex International Limited|Room 1603, 16th floor, Chow Sang Sang Building, 229 Nathan Road, Tsim Sha Tsui, Kowloon
383|Tommy Employment Services|Room 1603, 16th floor, Chow Sang Sang Building, 229 Nathan Road, Tsim Sha Tsui, Kowloon

100|H L&C; Employment Agency Limited|6th floor, Hong Kong Chinese Bank Causeway Bay Centre, 42-44 Yee Wo Street, Causeway Bay, Hong Kong
247|Talent Source Limited|6th floor, Hong Kong Chinese Bank Causeway Bay Centre, 42-44 Yee Wo Street, Causeway Bay, Hong Kong
2576|KL HOME CARE LIMITED|6th floor, Hong Kong Chinese Bank Causeway Bay Centre, 42-44 Yee Wo Street, Causeway Bay, Hong Kong

101|H L&C; Employment Agency Limited|3rd floor, Heung Lam Building, 23 Connaught Road Central, Central, Hong Kong
2575|KL HOME CARE LIMITED|3rd floor, Heung Lam Building, 23 Connaught Road Central, Central, Hong Kong

191|Asia Selective Employment Agency|Room 1101, 11th floor, Jupiter Tower, 9 Jupiter Street, North Point, Hong Kong
369|All Round Employment Agency|Room 1101, 11th floor, Jupiter Tower, 9 Jupiter Street, North Point, Hong Kong

247|Talent Source Limited|6th floor, Hong Kong Chinese Bank Causeway Bay Centre, 42-44 Yee Wo Street, Causeway Bay, Hong Kong
100|H L&C; Employment Agency Limited|6th floor, Hong Kong Chinese Bank Causeway Bay Centre, 42-44 Yee Wo Street, Causeway Bay, Hong Kong
2576|KL HOME CARE LIMITED|6th floor, Hong Kong Chinese Bank Causeway Bay Centre, 42-44 Yee Wo Street, Causeway Bay, Hong Kong

280|Cheer Lots Employment Services Limited|Room 1411, 14th floor, Good Hope Building, 5 Sai Yeung Choi Street South, Mong Kok, Kowloon
235|Excel Choice Employment Services Limited|Room 1411, 14th floor, Good Hope Building, 5 Sai Yeung Choi Street South, Mong Kok, Kowloon

369|All Round Employment Agency|Room 1101, 11th floor, Jupiter Tower, 9 Jupiter Street, North Point, Hong Kong
191|Asia Selective Employment Agency|Room 1101, 11th floor, Jupiter Tower, 9 Jupiter Street, North Point, Hong Kong

521|WINWIN EMPLOYMENT CENTRE LIMITED|Shop 29, Ground floor, Laguna Arcade, Phase 3, Laguna City, Cha Kwo Ling Road, Lam Tin, Kowloon
396|Allwin Employment Centre Limited|Shop 29, Ground floor, Laguna Arcade, Phase 3, Laguna City, Cha Kwo Ling Road, Lam Tin, Kowloon

595|Po Sing Employment Service Centre Limited|Shop I, Ground floor, Continental Mansion, 294 King's Road, North Point, Hong Kong
2622|FULLY HUMAN RESOURCE AGENCY COMPANY|Shop I, Ground floor, Continental Mansion, 294 King's Road, North Point, Hong Kong

637|Convoy Employment Consultant Limited|Room C, 1st floor, King Fung Building, 60-62 Kwong Fuk Road, Tai Po, New Territories
167|ASIA-ONE EMPLOYMENT AGENCY|Room C, 1st floor, King Fung Building, 60-62 Kwong Fuk Road, Tai Po, New Territories

962|CILIWUNG LIMITED|Rear Portion, 1st floor, Wing Mui Building, 149 Sai Yee Street, Mong Kok, Kowloon
2241|FULBRIGHT GROUP|Rear Portion, 1st floor, Wing Mui Building, 149 Sai Yee Street, Mong Kok, Kowloon

1068|FURTHER CREATION EMPLOYMENT CENTRE|Flat A, 15th floor, Prosperous Commercial Building, 54 Jardine's Bazaar, Causeway Bay, Hong Kong
35|Finest International Limited|Flat A, 15th floor, Prosperous Commercial Building, 54 Jardine's Bazaar, Causeway Bay, Hong Kong

1128|Best Wealth Consultant and Trading Co.|Room 1106, 11th floor, Wayson Commercial Building, 28 Connaught Road West, Sheung Wan, Hong Kong
1832|Mission Light Employment Agency|Room 1106, 11th floor, Wayson Commercial Building, 28 Connaught Road West, Sheung Wan, Hong Kong
2034|SAG CONSULTANT LIMITED|Room 1106, 11th floor, Wayson Commercial Building, 28 Connaught Road West, Sheung Wan, Hong Kong
2646|ZYT CONSULTANT COMPANY|Room 1106, 11th floor, Wayson Commercial Building, 28 Connaught Road West, Sheung Wan, Hong Kong

1139|MADAM JOE PROFESSIONAL DOMESTIC SERVICES COMPANY|Room 501, 5th floor, General Commercial Building, 156-164 Des Voeux Road Central, Central, Hong Kong
1620|Rising Sun Employment Agency|Room 501, 5th floor, General Commercial Building, 156-164 Des Voeux Road Central, Central, Hong Kong

1437|WARM HOUSE EMPLOYMENT SERVICES CENTRE LIMITED|No. 116, 1st floor, Kwong Fuk Building, 114-124 Kwong Fuk Road, Tai Po, New Territories
1109|Asia-Ex Employment Centre|No. 116, 1st floor, Kwong Fuk Building, 114-124 Kwong Fuk Road, Tai Po, New Territories

1836|FamilyMaid Employment Services Limited|Flat D, 11th floor, Causeway Tower, 16-22 Causeway Road, Causeway Bay, Hong Kong
3036|SEBASTIAN|Flat D, 11th floor, Causeway Tower, 16-22 Causeway Road, Causeway Bay, Hong Kong

2013|Grand Excellent Intercontinental Recruitment Agency|Unit 1, 17th floor, Trust Centre, 912 Cheung Sha Wan Road, Lai Chi Kok, Kowloon
2550|Grand Bee Trade Plus|Unit 1, 17th floor, Trust Centre, 912 Cheung Sha Wan Road, Lai Chi Kok, Kowloon

2150|CITY EMPLOYMENT PARADISE CO.|Shop 38B, Ground floor, Ho Shun Yee Building, 9 Fung Yau Street East, Yuen Long, New Territories
2153|TSUEN WAN EMPLOYMENT PARADISE CO.|Shop 38B, Ground floor, Ho Shun Yee Building, 9 Fung Yau Street East, Yuen Long, New Territories

2339|CORDIAL EMPLOYMENT AGENCY CO|Room 1805, 18th floor, Royal Commercial Centre, 56 Parkes Street, Jordan, Kowloon
1309|WANG FULLCO EMPLOYMENT AGENCY LIMITED|Room 1805, 18th floor, Royal Commercial Centre, 56 Parkes Street, Jordan, Kowloon

2408|Hong Kong Cambodian Human Resource Association|Flat 13, 9th floor, Block A, Tonic Industrial Centre, 26 Kai Cheung Road, Kowloon Bay, Kowloon
2409|Hong Kong Cambodian Labour and Vocational Training Centre|Flat 13, 9th floor, Block A, Tonic Industrial Centre, 26 Kai Cheung Road, Kowloon Bay, Kowloon

2409|Hong Kong Cambodian Labour and Vocational Training Centre|Flat 13, 9th floor, Block A, Tonic Industrial Centre, 26 Kai Cheung Road, Kowloon Bay, Kowloon
2408|Hong Kong Cambodian Human Resource Association|Flat 13, 9th floor, Block A, Tonic Industrial Centre, 26 Kai Cheung Road, Kowloon Bay, Kowloon

2516|GALILEE EMPLOYMENT SERVICE COMPANY|Room 2102D, 21st floor, Nan Fung Centre, 264-298 Castle Peak Road, Tsuen Wan, New Territories
598|Arrow Employment Services|Room 2102D, 21st floor, Nan Fung Centre, 264-298 Castle Peak Road, Tsuen Wan, New Territories

2575|KL HOME CARE LIMITED|3rd floor, Heung Lam Building, 23 Connaught Road Central, Central, Hong Kong
101|H L&C; Employment Agency Limited|3rd floor, Heung Lam Building, 23 Connaught Road Central, Central, Hong Kong

2576|KL HOME CARE LIMITED|6th floor, Hong Kong Chinese Bank Causeway Bay Centre, 42-44 Yee Wo Street, Causeway Bay, Hong Kong
100|H L&C; Employment Agency Limited|6th floor, Hong Kong Chinese Bank Causeway Bay Centre, 42-44 Yee Wo Street, Causeway Bay, Hong Kong
247|Talent Source Limited|6th floor, Hong Kong Chinese Bank Causeway Bay Centre, 42-44 Yee Wo Street, Causeway Bay, Hong Kong

2646|ZYT CONSULTANT COMPANY|Room 1106, 11th floor, Wayson Commercial Building, 28 Connaught Road West, Sheung Wan, Hong Kong
1128|Best Wealth Consultant and Trading Co.|Room 1106, 11th floor, Wayson Commercial Building, 28 Connaught Road West, Sheung Wan, Hong Kong
1832|Mission Light Employment Agency|Room 1106, 11th floor, Wayson Commercial Building, 28 Connaught Road West, Sheung Wan, Hong Kong
2034|SAG CONSULTANT LIMITED|Room 1106, 11th floor, Wayson Commercial Building, 28 Connaught Road West, Sheung Wan, Hong Kong

19|Prime Services & Trading Co|Room 917, 9th floor, Nan Fung Centre, 264-298 Castle Peak Road, Tsuen Wan, New Territories
410|CROWN BRILLIANT AGENCY LIMITED|Room 917, 9th floor, Nan Fung Centre, 264-298 Castle Peak Road, Tsuen Wan, New Territories

34|Finest International Limited|Room 601, 6th floor, Sino Centre, 582-592 Nathan Road, Mong Kok, Kowloon
1069|FURTHER CREATION EMPLOYMENT CENTRE|Room 601, 6th floor, Sino Centre, 582-592 Nathan Road, Mong Kok, Kowloon

35|Finest International Limited|Flat A, 15th floor, Prosperous Commercial Building, 54 Jardine's Bazaar, Causeway Bay, Hong Kong
1068|FURTHER CREATION EMPLOYMENT CENTRE|Flat A, 15th floor, Prosperous Commercial Building, 54 Jardine's Bazaar, Causeway Bay, Hong Kong

42|Superiority International Limited|Room 1023, 10th floor, Nan Fung Centre, 264-298 Castle Peak Road, Tsuen Wan, New Territories
1067|FURTHER CREATION EMPLOYMENT CENTRE|Room 1023, 10th floor, Nan Fung Centre, 264-298 Castle Peak Road, Tsuen Wan, New Territories

48|Great Top Employment Service Centre|Room 504, 5th floor, Cheong K. Building, 84-86 Des Voeux Road Central, Central, Hong Kong
157|Mabros Employment Agency|Room 504, 5th floor, Cheong K. Building, 84-86 Des Voeux Road Central, Central, Hong Kong

52|Silver Region Development Limited|Shop 125, 1st floor, Peninsula Centre, 67 Mody Road, Tsim Sha Tsui East, Kowloon
104|Wintip Employment Services Limited|Shop 125, 1st floor, Peninsula Centre, 67 Mody Road, Tsim Sha Tsui East, Kowloon

61|D.D. Domestic Services|Flat A, 13th floor, Gold Swan Commercial Building, 438-444 Hennessy Road, Causeway Bay, Hong Kong
150|KA WO CONSULTANTS LIMITED|Flat A, 13th floor, Gold Swan Commercial Building, 438-444 Hennessy Road, Causeway Bay, Hong Kong
328|Home De Fairy Consultants Limited|Flat A, 13th floor, Gold Swan Commercial Building, 438-444 Hennessy Road, Causeway Bay, Hong Kong

66|Wellmark Employment Services Consultant|Room 801, 8th floor, Hollywood Plaza, 610 Nathan Road, Mong Kok, Kowloon
506|Markwell Service Company|Room 801, 8th floor, Hollywood Plaza, 610 Nathan Road, Mong Kok, Kowloon

104|Wintip Employment Services Limited|Shop 125, 1st floor, Peninsula Centre, 67 Mody Road, Tsim Sha Tsui East, Kowloon
52|Silver Region Development Limited|Shop 125, 1st floor, Peninsula Centre, 67 Mody Road, Tsim Sha Tsui East, Kowloon

125|Right Man Consultants Limited|Shop A41, Level 2, Tai Po Plaza, 1 On Tai Road, Tai Po, New Territories
1412|MR. RIGHT EMPLOYMENT CENTRE|Shop A41, Level 2, Tai Po Plaza, 1 On Tai Road, Tai Po, New Territories

133|C.T. Maids Limited|Room 1503, 15th floor, Yue Shing Commercial Building, 15 Queen Victoria Street, Central, Hong Kong
1785|MAIDSDOT.COM LIMITED|Room 1503, 15th floor, Yue Shing Commercial Building, 15 Queen Victoria Street, Central, Hong Kong

151|EMPLOYMENT WORLD|Shop 153A & B, 1st floor, New Trend Plaza, 278-288 King's Road, North Point, Hong Kong
2996|LUCKY MAIDS JOB CENTRE|Shop 153A & B, 1st floor, New Trend Plaza, 278-288 King's Road, North Point, Hong Kong

153|J.V.S. Investments|Room 1003, 10th floor, China Insurance Group Building, 141 Des Voeux Road Central, Central, Hong Kong
312|SUNTEK ENTERPRISE LIMITED|Room 1003, 10th floor, China Insurance Group Building, 141 Des Voeux Road Central, Central, Hong Kong

157|Mabros Employment Agency|Room 504, 5th floor, Cheong K. Building, 84-86 Des Voeux Road Central, Central, Hong Kong
48|Great Top Employment Service Centre|Room 504, 5th floor, Cheong K. Building, 84-86 Des Voeux Road Central, Central, Hong Kong

205|PBI Employment Services & Trading Company|Unit 03, 12th floor, Keen Hung Commercial Building, 80 Queen's Road East, Wan Chai, Hong Kong
1913|CLARICH EMPLOYMENT COMPANY|Unit 03, 12th floor, Keen Hung Commercial Building, 80 Queen's Road East, Wan Chai, Hong Kong

219|Megasea Employment Agency Limited|Room 1603, 16th floor, McDonald's Building, 46-54 Yee Wo Street, Causeway Bay, Hong Kong
1294|Finished Contract Employment Center|Room 1603, 16th floor, McDonald's Building, 46-54 Yee Wo Street, Causeway Bay, Hong Kong

235|Excel Choice Employment Services Limited|Room 1411, 14th floor, Good Hope Building, 5 Sai Yeung Choi Street South, Mong Kok, Kowloon
280|Cheer Lots Employment Services Limited|Room 1411, 14th floor, Good Hope Building, 5 Sai Yeung Choi Street South, Mong Kok, Kowloon

251|Pak Yue Employment Agency Centre Limited|Room 511, 5th floor, Wellborne Commercial Centre, 8 Java Road, North Point, Hong Kong
361|Good Rich Employment Agency Centre|Room 511, 5th floor, Wellborne Commercial Centre, 8 Java Road, North Point, Hong Kong

270|Caring Employment Centre|Room 1503, 15th floor, Yu Sung Boon Building, 107 Des Voeux Road Central, Central, Hong Kong
1456|TOP RESOURCES CONSULTANCY COMPANY|Room 1503, 15th floor, Yu Sung Boon Building, 107 Des Voeux Road Central, Central, Hong Kong

304|Bestwell Employment Agency (HK) Limited|Room 1209, 12th floor, Kwong Wah Plaza, 11 Tai Tong Road, Yuen Long, New Territories
1635|Veco Company|Room 1209, 12th floor, Kwong Wah Plaza, 11 Tai Tong Road, Yuen Long, New Territories

312|SUNTEK ENTERPRISE LIMITED|Room 1003, 10th floor, China Insurance Group Building, 141 Des Voeux Road Central, Central, Hong Kong
153|J.V.S. Investments|Room 1003, 10th floor, China Insurance Group Building, 141 Des Voeux Road Central, Central, Hong Kong

328|Home De Fairy Consultants Limited|Flat A, 13th floor, Gold Swan Commercial Building, 438-444 Hennessy Road, Causeway Bay, Hong Kong
150|KA WO CONSULTANTS LIMITED|Flat A, 13th floor, Gold Swan Commercial Building, 438-444 Hennessy Road, Causeway Bay, Hong Kong
61|D.D. Domestic Services|Flat A, 13th floor, Gold Swan Commercial Building, 438-444 Hennessy Road, Causeway Bay, Hong Kong

342|Pak On (Hong Kong) Company Limited|Shop A50-51, Ground floor, Ma On Shan Centre, 1 On Chun Street, Ma On Shan, New Territories
744|Royalcorp Employment Agency Limited|Shop A50-51, Ground floor, Ma On Shan Centre, 1 On Chun Street, Ma On Shan, New Territories

356|Pessen Technology Limited|Unit A, 8th floor, Wing Yee Commercial Building, 5 Wing Kut Street, Central, Hong Kong
1297|MRS. HUI EMPLOYMENT AGENCY|Unit A, 8th floor, Wing Yee Commercial Building, 5 Wing Kut Street, Central, Hong Kong

407|New Town Employment Agency|Room 2617, 26th floor, Tuen Mun Central Square, 22 Hoi Wing Road, Tuen Mun, New Territories
1431|HO MAN EMPLOYMENT AGENCY|Room 2617, 26th floor, Tuen Mun Central Square, 22 Hoi Wing Road, Tuen Mun, New Territories

410|CROWN BRILLIANT AGENCY LIMITED|Room 917, 9th floor, Nan Fung Centre, 264-298 Castle Peak Road, Tsuen Wan, New Territories
19|Prime Services & Trading Co|Room 917, 9th floor, Nan Fung Centre, 264-298 Castle Peak Road, Tsuen Wan, New Territories

423|LEADER EMPLOYMENT COMPANY LIMITED|Shop 86, Ground floor, Fu Shing Building, 9 Sai Ching Street, Yuen Long, New Territories
3006|LEADER PRO EMPLOYMENT COMPANY LIMITED|Shop 86, Ground floor, Fu Shing Building, 9 Sai Ching Street, Yuen Long, New Territories

454|Jumbo International Maid Employment Agency|Room 1507, 15th floor, Causeway Bay Commercial Building, 1-13 Sugar Street, Causeway Bay, Hong Kong
2232|SMOOTH MAID EMPLOYMENT AGENCY LIMITED|Room 1507, 15th floor, Causeway Bay Commercial Building, 1-13 Sugar Street, Causeway Bay, Hong Kong

487|Great Possession Employment Agency|Shop 4, Ground floor, Chit Lee Commercial Building, 30-36 Shau Kei Wan Road, Sai Wan Ho, Hong Kong
1049|Stone Employment Agency|Shop 4, Ground floor, Chit Lee Commercial Building, 30-36 Shau Kei Wan Road, Sai Wan Ho, Hong Kong

489|Bright Essence International Limited|Ground floor, 251 Ma Tin Tsuen, Ma Tin Pok, Yuen Long, New Territories
533|Brilliant Employment Consultant|Ground floor, 251 Ma Tin Tsuen, Ma Tin Pok, Yuen Long, New Territories

506|Markwell Service Company|Room 801, 8th floor, Hollywood Plaza, 610 Nathan Road, Mong Kok, Kowloon
66|Wellmark Employment Services Consultant|Room 801, 8th floor, Hollywood Plaza, 610 Nathan Road, Mong Kok, Kowloon

524|Rejoice Employment Services Limited|Flat B, 5th floor, Fairview Mansion, 51 Paterson Street, Causeway Bay, Hong Kong
950|VCARE EMPLOYMENT SERVICES LIMITED|Flat B, 5th floor, Fairview Mansion, 51 Paterson Street, Causeway Bay, Hong Kong

534|Pawer Express International Company Limited|Ground floor, 1A Watson Road, North Point, Hong Kong
313|C. & K. ENTERPRISES COMPANY LIMITED|Ground floor, 1A Watson Road, North Point, Hong Kong

548|Hung Chau Company Limited|Shop A25, Ground floor, Nan Fung Plaza, 8 Pui Shing Road, Tseung Kwan O, New Territories
762|Homes Employment Agency Limited|Shop A25, Ground floor, Nan Fung Plaza, 8 Pui Shing Road, Tseung Kwan O, New Territories

568|Kasa Maid Agency Limited|Shop B, Ground floor, On Lok Building, 1 Mei Sun Lane, Tai Po, New Territories
1334|Sa Sa Employment Agency|Shop B, Ground floor, On Lok Building, 1 Mei Sun Lane, Tai Po, New Territories

587|Goodwill Placement Services Limited|Room 150, 1st floor, Seven Seas Shopping Centre, 121 King's Road, North Point, Hong Kong
1332|HAPPY HOUSE EMPLOYMENT AGENCY|Room 150, 1st floor, Seven Seas Shopping Centre, 121 King's Road, North Point, Hong Kong

592|Hung Fai (HK) Employment Agency Limited|Room A, 11th floor, Nathan Tower, 518-520 Nathan Road, Yau Ma Tei, Kowloon
500|Regent Pacific Service Company|Room A, 11th floor, Nathan Tower, 518-520 Nathan Road, Yau Ma Tei, Kowloon
68|Sing Fai (Hong Kong) Co.|Room A, 11th floor, Nathan Tower, 518-520 Nathan Road, Yau Ma Tei, Kowloon

629|Tai Tung Employment Service|Room 1231, 12th floor, Nan Fung Centre, 264-298 Castle Peak Road, Tsuen Wan, New Territories
2300|SINCERE COMPANY|Room 1231, 12th floor, Nan Fung Centre, 264-298 Castle Peak Road, Tsuen Wan, New Territories

641|Pacific Garden Employment Agency|Room A, 3rd floor, Kam Ma Building, 16 Cameron Road, Tsim Sha Tsui, Kowloon
2619|BTI COURIER EXPRESS|Room A, 3rd floor, Kam Ma Building, 16 Cameron Road, Tsim Sha Tsui, Kowloon

645|A & E Employment Centre|Room 1605, 16th floor, Hollywood Plaza, 610 Nathan Road, Mong Kok, Kowloon
1863|A&F; EMPLOYMENT CENTRE|Room 1605, 16th floor, Hollywood Plaza, 610 Nathan Road, Mong Kok, Kowloon
660|AIE Employment Centre|Room 1605, 16th floor, Hollywood Plaza, 610 Nathan Road, Mong Kok, Kowloon

646|A & E Employment Centre|Room 726, 7th floor, Nan Fung Centre, 264-298 Castle Peak Road, Tsuen Wan, New Territories
1865|A&F; EMPLOYMENT CENTRE|Room 726, 7th floor, Nan Fung Centre, 264-298 Castle Peak Road, Tsuen Wan, New Territories

647|A & E Employment Centre|Flat 1602, 16th floor, Mcdonald's Building, 46-54 Yee Wo Street, Causeway Bay, Hong Kong
1866|A&F; EMPLOYMENT CENTRE|Flat 1602, 16th floor, Mcdonald's Building, 46-54 Yee Wo Street, Causeway Bay, Hong Kong

648|A & E Employment Centre|Shop 1A, 2nd floor, Tung Yick Building, 8 Yu King Square, Yuen Long, New Territories
1864|A&F; EMPLOYMENT CENTRE|Shop 1A, 2nd floor, Tung Yick Building, 8 Yu King Square, Yuen Long, New Territories

669|DK & C Employment Service Co.|Room 1217, 12th floor, Nan Fung Centre, 264-298 Castle Peak Road, Tsuen Wan, New Territories
1770|DIANA Human Resources|Room 1217, 12th floor, Nan Fung Centre, 264-298 Castle Peak Road, Tsuen Wan, New Territories

671|Chin House Employment Agency Limited|Shop 215, Level 2, Metro City, Phase 1, Tseung Kwan O, New Territories
989|Sunny Day Employment Agency|Shop 215, Level 2, Metro City, Phase 1, Tseung Kwan O, New Territories

687|Instant Maids Centre Limited|Shop 8, Ground floor, Chun Chu House, 1 Castle Peak Road, Yuen Long, New Territories
2985|Casa Care Employment Agency|Shop 8, Ground floor, Chun Chu House, 1 Castle Peak Road, Yuen Long, New Territories

699|UNITED ASIA EMPLOYMENT AGENCY|Shop F, Ground floor, Wing Lam Mansion, 1A-1J San Lau Street, Hung Hom, Kowloon
889|NOW EMPLOYMENT AGENCY|Shop F, Ground floor, Wing Lam Mansion, 1A-1J San Lau Street, Hung Hom, Kowloon

722|SAINT HAPPY MAIDS AGENCY|Room 720, 7th floor, Hollywood Plaza, 610 Nathan Road, Mong Kok, Kowloon
1941|Hollywood Employment Agency|Room 720, 7th floor, Hollywood Plaza, 610 Nathan Road, Mong Kok, Kowloon
2880|HONG KONG DH EMPLOYMENT CENTRE|Room 720, 7th floor, Hollywood Plaza, 610 Nathan Road, Mong Kok, Kowloon

729|Premier Employment Consultant|Shop 2, Ground floor, Site 1, Whampoa Garden, Hung Hom, Kowloon
931|FORECAST EMPLOYMENT CONSULTANT LIMITED|Shop 2, Ground floor, Site 1, Whampoa Garden, Hung Hom, Kowloon

744|Royalcorp Employment Agency Limited|Shop A50-51, Ground floor, Ma On Shan Centre, 1 On Chun Street, Ma On Shan, New Territories
342|Pak On (Hong Kong) Company Limited|Shop A50-51, Ground floor, Ma On Shan Centre, 1 On Chun Street, Ma On Shan, New Territories

762|Homes Employment Agency Limited|Shop A25, Ground floor, Nan Fung Plaza, 8 Pui Shing Road, Tseung Kwan O, New Territories
548|Hung Chau Company Limited|Shop A25, Ground floor, Nan Fung Plaza, 8 Pui Shing Road, Tseung Kwan O, New Territories

799|BLISS EMPLOYMENT SERVICES LIMITED|Room 1116, 11th floor, Golden Era Plaza, 39-55 Sai Yee Street, Mong Kok, Kowloon
1469|Mamie Employment Centre Limited|Room 1116, 11th floor, Golden Era Plaza, 39-55 Sai Yee Street, Mong Kok, Kowloon

889|NOW EMPLOYMENT AGENCY|Shop F, Ground floor, Wing Lam Mansion, 1A-1J San Lau Street, Hung Hom, Kowloon
699|UNITED ASIA EMPLOYMENT AGENCY|Shop F, Ground floor, Wing Lam Mansion, 1A-1J San Lau Street, Hung Hom, Kowloon

942|YOURMAID SERVICES CENTRE LIMITED|Room 1101, 11th floor, Hollywood Plaza, 610 Nathan Road, Mong Kok, Kowloon
977|Enjoy Services Centre Limited|Room 1101, 11th floor, Hollywood Plaza, 610 Nathan Road, Mong Kok, Kowloon

950|VCARE EMPLOYMENT SERVICES LIMITED|Flat B, 5th floor, Fairview Mansion, 51 Paterson Street, Causeway Bay, Hong Kong
524|Rejoice Employment Services Limited|Flat B, 5th floor, Fairview Mansion, 51 Paterson Street, Causeway Bay, Hong Kong

977|Enjoy Services Centre Limited|Room 1101, 11th floor, Hollywood Plaza, 610 Nathan Road, Mong Kok, Kowloon
942|YOURMAID SERVICES CENTRE LIMITED|Room 1101, 11th floor, Hollywood Plaza, 610 Nathan Road, Mong Kok, Kowloon

989|Sunny Day Employment Agency|Shop 215, Level 2, Metro City, Phase 1, Tseung Kwan O, New Territories
671|Chin House Employment Agency Limited|Shop 215, Level 2, Metro City, Phase 1, Tseung Kwan O, New Territories

1049|Stone Employment Agency|Shop 4, Ground floor, Chit Lee Commercial Building, 30-36 Shau Kei Wan Road, Sai Wan Ho, Hong Kong
487|Great Possession Employment Agency|Shop 4, Ground floor, Chit Lee Commercial Building, 30-36 Shau Kei Wan Road, Sai Wan Ho, Hong Kong

1067|FURTHER CREATION EMPLOYMENT CENTRE|Room 1023, 10th floor, Nan Fung Centre, 264-298 Castle Peak Road, Tsuen Wan, New Territories
42|Superiority International Limited|Room 1023, 10th floor, Nan Fung Centre, 264-298 Castle Peak Road, Tsuen Wan, New Territories

1069|FURTHER CREATION EMPLOYMENT CENTRE|Room 601, 6th floor, Sino Centre, 582-592 Nathan Road, Mong Kok, Kowloon
34|Finest International Limited|Room 601, 6th floor, Sino Centre, 582-592 Nathan Road, Mong Kok, Kowloon

1090|OSCAR EMPLOYMENT CENTRE|Flat B, 11th floor, Golden Hill Commercial Building, 39-41 Argyle Street, Mong Kok, Kowloon
972|Chen Chen Co|Flat B, 11th floor, Golden Hill Commercial Building, 39-41 Argyle Street, Mong Kok, Kowloon

1109|Asia-Ex Employment Centre|No. 116, 1st floor, Kwong Fuk Building, 114-124 Kwong Fuk Road, Tai Po, New Territories
1437|WARM HOUSE EMPLOYMENT SERVICES CENTRE LIMITED|No. 116, 1st floor, Kwong Fuk Building, 114-124 Kwong Fuk Road, Tai Po, New Territories

1125|NEW WISH EMPLOYMENT AGENCY|Room 1522-23, 15th floor, Hollywood Plaza, 610 Nathan Road, Mong Kok, Kowloon
1512|NEW FORSEE EMPLOYMENT AGENCY|Room 1522-23, 15th floor, Hollywood Plaza, 610 Nathan Road, Mong Kok, Kowloon

1129|Peony Employment Agency Limited|Shop 25D, Ground floor, Fortress Tower, 250 King's Road, North Point, Hong Kong
1516|GRACEFUL TRAVEL COMPANY|Shop 25D, Ground floor, Fortress Tower, 250 King's Road, North Point, Hong Kong

1204|TOTAL RICH FUND LIMITED|Room 605, 6th floor, Corn Yan Centre, 3 Jupiter Street, Fortress Hill, Hong Kong
332|Good Fellow Resources Company Limited|Room 605, 6th floor, Corn Yan Centre, 3 Jupiter Street, Fortress Hill, Hong Kong

1250|SHUN FAT EMPLOYMENT CO|Room 1203, 12th floor, Fortune Commercial Building, 362 Sha Tsui Road, Tsuen Wan, New Territories
1417|NICOLE'S EMPLOYMENT CONSULTANTS|Room 1203, 12th floor, Fortune Commercial Building, 362 Sha Tsui Road, Tsuen Wan, New Territories

1272|VIVA EMPLOYMENT SERVICES LIMITED|Flat B, 4th floor, Man Lin Building, 96-100 Prince Edward Road West, Mong Kok, Kowloon
1461|SHUN ON DEVELOPMENT COMPANY LIMITED|Flat B, 4th floor, Man Lin Building, 96-100 Prince Edward Road West, Mong Kok, Kowloon

1292|PLEASANT HOUSE EMPLOYMENT CENTRE LIMITED|Unit 43, 1st floor, Carson Mansion, 121 King's Road, North Point, Hong Kong
1391|Team Mate Employment Agency Limited|Unit 43, 1st floor, Carson Mansion, 121 King's Road, North Point, Hong Kong

1294|Finished Contract Employment Center|Room 1603, 16th floor, McDonald's Building, 46-54 Yee Wo Street, Causeway Bay, Hong Kong
219|Megasea Employment Agency Limited|Room 1603, 16th floor, McDonald's Building, 46-54 Yee Wo Street, Causeway Bay, Hong Kong

1297|MRS. HUI EMPLOYMENT AGENCY|Unit A, 8th floor, Wing Yee Commercial Building, 5 Wing Kut Street, Central, Hong Kong
356|Pessen Technology Limited|Unit A, 8th floor, Wing Yee Commercial Building, 5 Wing Kut Street, Central, Hong Kong

1298|Hong Kong Maid Agency|Shop F085, 1st floor, New City of Full Yau Court, 51G Yau San Street, Yuen Long, New Territories
1330|ROYAL HOUSE EMPLOYMENT AGENCY|Shop F085, 1st floor, New City of Full Yau Court, 51G Yau San Street, Yuen Long, New Territories

1309|WANG FULLCO EMPLOYMENT AGENCY LIMITED|Room 1805, 18th floor, Royal Commercial Centre, 56 Parkes Street, Jordan, Kowloon
2339|CORDIAL EMPLOYMENT AGENCY CO|Room 1805, 18th floor, Royal Commercial Centre, 56 Parkes Street, Jordan, Kowloon

1330|ROYAL HOUSE EMPLOYMENT AGENCY|Shop F085, 1st floor, New City of Full Yau Court, 51G Yau San Street, Yuen Long, New Territories
1298|Hong Kong Maid Agency|Shop F085, 1st floor, New City of Full Yau Court, 51G Yau San Street, Yuen Long, New Territories

1332|HAPPY HOUSE EMPLOYMENT AGENCY|Room 150, 1st floor, Seven Seas Shopping Centre, 121 King's Road, North Point, Hong Kong
587|Goodwill Placement Services Limited|Room 150, 1st floor, Seven Seas Shopping Centre, 121 King's Road, North Point, Hong Kong

1333|HAPPY HOUSE EMPLOYMENT AGENCY|Room 506, Rear Portion, 13th floor, Nathan Apartments, 506-508 Nathan Road, Yau Ma Tei, Kowloon
1503|FAVOR MAID EMPLOYMENT AGENCY|Room 506, Rear Portion, 13th floor, Nathan Apartments, 506-508 Nathan Road, Yau Ma Tei, Kowloon
1966|GOLDEN PEAK EMPLOYMENT AGENCY|Room 506, Rear Portion, 13th floor, Nathan Apartments, 506-508 Nathan Road, Yau Ma Tei, Kowloon
2569|JIM CITY EMPLOYMENT AGENCY|Room 506, Rear Portion, 13th floor, Nathan Apartments, 506-508 Nathan Road, Yau Ma Tei, Kowloon

1390|Grand Palace Employment Agency Centre|Room D73, 1st floor, Kingswood Richly Plaza, 1 Tin Wu Road, Tin Shui Wai, New Territories
2664|GRAND WINNERS EMPLOYMENT CENTRE|Room D73, 1st floor, Kingswood Richly Plaza, 1 Tin Wu Road, Tin Shui Wai, New Territories

1398|FORTUNE STAR EMPLOYMENT AGENCY|Flat E, 8th floor, East South Building, 475-481 Hennessy Road, Causeway Bay, Hong Kong
760|Prima Success Services Company|Flat E, 8th floor, East South Building, 475-481 Hennessy Road, Causeway Bay, Hong Kong

1412|MR. RIGHT EMPLOYMENT CENTRE|Shop A41, Level 2, Tai Po Plaza, 1 On Tai Road, Tai Po, New Territories
125|Right Man Consultants Limited|Shop A41, Level 2, Tai Po Plaza, 1 On Tai Road, Tai Po, New Territories

1417|NICOLE'S EMPLOYMENT CONSULTANTS|Room 1203, 12th floor, Fortune Commercial Building, 362 Sha Tsui Road, Tsuen Wan, New Territories
1250|SHUN FAT EMPLOYMENT CO|Room 1203, 12th floor, Fortune Commercial Building, 362 Sha Tsui Road, Tsuen Wan, New Territories

1421|JET SYSTEM PACIFIC LIMITED|Room A, 16th floor, Gaylord Commercial Building, 114-118 Lockhart Road, Wan Chai, Hong Kong
2578|Lee Wah Employment Limited|Room A, 16th floor, Gaylord Commercial Building, 114-118 Lockhart Road, Wan Chai, Hong Kong

1431|HO MAN EMPLOYMENT AGENCY|Room 2617, 26th floor, Tuen Mun Central Square, 22 Hoi Wing Road, Tuen Mun, New Territories
407|New Town Employment Agency|Room 2617, 26th floor, Tuen Mun Central Square, 22 Hoi Wing Road, Tuen Mun, New Territories

1436|NAULI EMPLOYMENT AGENCY COMPANY LIMITED|Room 2903, 29th floor, Kwai Hung Holdings Centre, 89 King's Road, North Point, Hong Kong
1241|LI WING EMPLOYMENT CENTRE|Room 2903, 29th floor, Kwai Hung Holdings Centre, 89 King's Road, North Point, Hong Kong

1456|TOP RESOURCES CONSULTANCY COMPANY|Room 1503, 15th floor, Yu Sung Boon Building, 107 Des Voeux Road Central, Central, Hong Kong
270|Caring Employment Centre|Room 1503, 15th floor, Yu Sung Boon Building, 107 Des Voeux Road Central, Central, Hong Kong

1469|Mamie Employment Centre Limited|Room 1116, 11th floor, Golden Era Plaza, 39-55 Sai Yee Street, Mong Kok, Kowloon
799|BLISS EMPLOYMENT SERVICES LIMITED|Room 1116, 11th floor, Golden Era Plaza, 39-55 Sai Yee Street, Mong Kok, Kowloon

1503|FAVOR MAID EMPLOYMENT AGENCY|Room 506, Rear Portion, 13th floor, Nathan Apartments, 506-508 Nathan Road, Yau Ma Tei, Kowloon
1333|HAPPY HOUSE EMPLOYMENT AGENCY|Room 506, Rear Portion, 13th floor, Nathan Apartments, 506-508 Nathan Road, Yau Ma Tei, Kowloon
1966|GOLDEN PEAK EMPLOYMENT AGENCY|Room 506, Rear Portion, 13th floor, Nathan Apartments, 506-508 Nathan Road, Yau Ma Tei, Kowloon
2569|JIM CITY EMPLOYMENT AGENCY|Room 506, Rear Portion, 13th floor, Nathan Apartments, 506-508 Nathan Road, Yau Ma Tei, Kowloon

1506|ENDURANCE EMPLOYMENT AGENCY|Room 1802, 18th floor, NPAC, 10 North Point Road, North Point, Hong Kong
2561|WESTLAKE MANPOWER RESOURCES CO.|Room 1802, 18th floor, NPAC, 10 North Point Road, North Point, Hong Kong
2586|Helpers Market International Recruitment Limited|Room 1802, 18th floor, NPAC, 10 North Point Road, North Point, Hong Kong

1509|RCI International Employment Agency Limited|Ground floor, 92 Kam Tin Road, Yuen Long, New Territories
1597|FIORI MEGA STAR EMPLOYMENT AGENCY LIMITED|Ground floor, 92 Kam Tin Road, Yuen Long, New Territories

1512|NEW FORSEE EMPLOYMENT AGENCY|Room 1522-23, 15th floor, Hollywood Plaza, 610 Nathan Road, Mong Kok, Kowloon
1125|NEW WISH EMPLOYMENT AGENCY|Room 1522-23, 15th floor, Hollywood Plaza, 610 Nathan Road, Mong Kok, Kowloon

1532|Hong Kong Financial Talent Consultant Company Limited|Flat C, 9th floor, Max Share Centre, 373 King's Road, North Point, Hong Kong
2591|Asian Developing Talent|Flat C, 9th floor, Max Share Centre, 373 King's Road, North Point, Hong Kong

1533|Hong Kong Financial Talent Consultant Company Limited|Room 2301, 23rd floor, Futura Plaza, 111-113 How Ming Street, Kwun Tong, Kowloon
873|StarAsia Employment Agency Co.|Room 2301, 23rd floor, Futura Plaza, 111-113 How Ming Street, Kwun Tong, Kowloon

1574|FAI SING (HONG KONG) LIMITED|Flat B4, 15th floor, Pearl City Mansion, 22-36 Paterson Street, Causeway Bay, Hong Kong
2737|Fong Wah Trading Co|Flat B4, 15th floor, Pearl City Mansion, 22-36 Paterson Street, Causeway Bay, Hong Kong

1596|FIORI MEGA STAR EMPLOYMENT AGENCY LIMITED|Shop 3, Ground floor, Shing To Building, 32-36 Tai Po Road, Sham Shui Po, Kowloon
1677|FIRST CAPITAL RESOURCES GROUP LIMITED|Shop 3, Ground floor, Shing To Building, 32-36 Tai Po Road, Sham Shui Po, Kowloon
1860|Maid Best Limited|Shop 3, Ground floor, Shing To Building, 32-36 Tai Po Road, Sham Shui Po, Kowloon

1620|Rising Sun Employment Agency|Room 501, 5th floor, General Commercial Building, 156-164 Des Voeux Road Central, Central, Hong Kong
1139|MADAM JOE PROFESSIONAL DOMESTIC SERVICES COMPANY|Room 501, 5th floor, General Commercial Building, 156-164 Des Voeux Road Central, Central, Hong Kong

1641|Dickson Employment Agency|Room B, 15th floor, Shing Hing Commercial Building, 21-27 Wing Kut Street, Sheung Wan, Hong Kong
1791|WANGIE EMPLOYMENT CO|Room B, 15th floor, Shing Hing Commercial Building, 21-27 Wing Kut Street, Sheung Wan, Hong Kong

1654|HOME CARE EMPLOYMENT AGENCY LIMITED|Shop 6A, Ground floor, Hang Fu Building, 38 Yau San Street, Yuen Long, New Territories
1811|MABEL EMPLOYMENT AGENCY|Shop 6A, Ground floor, Hang Fu Building, 38 Yau San Street, Yuen Long, New Territories

1677|FIRST CAPITAL RESOURCES GROUP LIMITED|Shop 3, Ground floor, Shing To Building, 32-36 Tai Po Road, Sham Shui Po, Kowloon
1596|FIORI MEGA STAR EMPLOYMENT AGENCY LIMITED|Shop 3, Ground floor, Shing To Building, 32-36 Tai Po Road, Sham Shui Po, Kowloon
1860|Maid Best Limited|Shop 3, Ground floor, Shing To Building, 32-36 Tai Po Road, Sham Shui Po, Kowloon

1711|FUN TOP EMPLOYMENT SERVICE COMPANY|Shop 336, Level 4, Sceneway Plaza, 8 Sceneway Road, Lam Tin, Kowloon
3047|ANLIDA|Shop 336, Level 4, Sceneway Plaza, 8 Sceneway Road, Lam Tin, Kowloon

1770|DIANA Human Resources|Room 1217, 12th floor, Nan Fung Centre, 264-298 Castle Peak Road, Tsuen Wan, New Territories
669|DK & C Employment Service Co.|Room 1217, 12th floor, Nan Fung Centre, 264-298 Castle Peak Road, Tsuen Wan, New Territories

1785|MAIDSDOT.COM LIMITED|Room 1503, 15th floor, Yue Shing Commercial Building, 15 Queen Victoria Street, Central, Hong Kong
133|C.T. Maids Limited|Room 1503, 15th floor, Yue Shing Commercial Building, 15 Queen Victoria Street, Central, Hong Kong

1811|MABEL EMPLOYMENT AGENCY|Shop 6A, Ground floor, Hang Fu Building, 38 Yau San Street, Yuen Long, New Territories
1654|HOME CARE EMPLOYMENT AGENCY LIMITED|Shop 6A, Ground floor, Hang Fu Building, 38 Yau San Street, Yuen Long, New Territories

1819|PRICERITE MAID LIMITED|Room 724, 7th floor, Nan Fung Centre, 264-298 Castle Peak Road, Tsuen Wan, New Territories
2555|Gary's Employment Agency Company Limited|Room 724, 7th floor, Nan Fung Centre, 264-298 Castle Peak Road, Tsuen Wan, New Territories
2745|U.A. EMPLOYMENT CENTER|Room 724, 7th floor, Nan Fung Centre, 264-298 Castle Peak Road, Tsuen Wan, New Territories

1832|Mission Light Employment Agency|Room 1106, 11th floor, Wayson Commercial Building, 28 Connaught Road West, Sheung Wan, Hong Kong
1128|Best Wealth Consultant and Trading Co.|Room 1106, 11th floor, Wayson Commercial Building, 28 Connaught Road West, Sheung Wan, Hong Kong
2034|SAG CONSULTANT LIMITED|Room 1106, 11th floor, Wayson Commercial Building, 28 Connaught Road West, Sheung Wan, Hong Kong
2646|ZYT CONSULTANT COMPANY|Room 1106, 11th floor, Wayson Commercial Building, 28 Connaught Road West, Sheung Wan, Hong Kong

1860|Maid Best Limited|Shop 3, Ground floor, Shing To Building, 32-36 Tai Po Road, Sham Shui Po, Kowloon
1596|FIORI MEGA STAR EMPLOYMENT AGENCY LIMITED|Shop 3, Ground floor, Shing To Building, 32-36 Tai Po Road, Sham Shui Po, Kowloon
1677|FIRST CAPITAL RESOURCES GROUP LIMITED|Shop 3, Ground floor, Shing To Building, 32-36 Tai Po Road, Sham Shui Po, Kowloon

1863|A&F; EMPLOYMENT CENTRE|Room 1605, 16th floor, Hollywood Plaza, 610 Nathan Road, Mong Kok, Kowloon
645|A & E Employment Centre|Room 1605, 16th floor, Hollywood Plaza, 610 Nathan Road, Mong Kok, Kowloon
660|AIE Employment Centre|Room 1605, 16th floor, Hollywood Plaza, 610 Nathan Road, Mong Kok, Kowloon

1864|A&F; EMPLOYMENT CENTRE|Shop 1A, 2nd floor, Tung Yick Building, 8 Yu King Square, Yuen Long, New Territories
648|A & E Employment Centre|Shop 1A, 2nd floor, Tung Yick Building, 8 Yu King Square, Yuen Long, New Territories

1865|A&F; EMPLOYMENT CENTRE|Room 726, 7th floor, Nan Fung Centre, 264-298 Castle Peak Road, Tsuen Wan, New Territories
646|A & E Employment Centre|Room 726, 7th floor, Nan Fung Centre, 264-298 Castle Peak Road, Tsuen Wan, New Territories

1866|A&F; EMPLOYMENT CENTRE|Flat 1602, 16th floor, Mcdonald's Building, 46-54 Yee Wo Street, Causeway Bay, Hong Kong
647|A & E Employment Centre|Flat 1602, 16th floor, Mcdonald's Building, 46-54 Yee Wo Street, Causeway Bay, Hong Kong

1937|JOVIAL EMPLOYMENT CENTRE|Suite 2512, 25th floor, Office Tower, Langham Place, 8 Argyle Street, Mong Kok, Kowloon
2156|FAIR CHOICE DOMESTIC HELPER SERVICES|Suite 2512, 25th floor, Office Tower, Langham Place, 8 Argyle Street, Mong Kok, Kowloon

1941|Hollywood Employment Agency|Room 720, 7th floor, Hollywood Plaza, 610 Nathan Road, Mong Kok, Kowloon
2880|HONG KONG DH EMPLOYMENT CENTRE|Room 720, 7th floor, Hollywood Plaza, 610 Nathan Road, Mong Kok, Kowloon
722|SAINT HAPPY MAIDS AGENCY|Room 720, 7th floor, Hollywood Plaza, 610 Nathan Road, Mong Kok, Kowloon

1966|GOLDEN PEAK EMPLOYMENT AGENCY|Room 506, Rear Portion, 13th floor, Nathan Apartments, 506-508 Nathan Road, Yau Ma Tei, Kowloon
1333|HAPPY HOUSE EMPLOYMENT AGENCY|Room 506, Rear Portion, 13th floor, Nathan Apartments, 506-508 Nathan Road, Yau Ma Tei, Kowloon
1503|FAVOR MAID EMPLOYMENT AGENCY|Room 506, Rear Portion, 13th floor, Nathan Apartments, 506-508 Nathan Road, Yau Ma Tei, Kowloon
2569|JIM CITY EMPLOYMENT AGENCY|Room 506, Rear Portion, 13th floor, Nathan Apartments, 506-508 Nathan Road, Yau Ma Tei, Kowloon

2028|Gracefield Employment Service Limited|Shop 5, Ground floor, Comfort Court, 52 Third Street, Sai Ying Pun, Hong Kong
2278|HELPER EASY LIMITED|Shop 5, Ground floor, Comfort Court, 52 Third Street, Sai Ying Pun, Hong Kong

2034|SAG CONSULTANT LIMITED|Room 1106, 11th floor, Wayson Commercial Building, 28 Connaught Road West, Sheung Wan, Hong Kong
1128|Best Wealth Consultant and Trading Co.|Room 1106, 11th floor, Wayson Commercial Building, 28 Connaught Road West, Sheung Wan, Hong Kong
1832|Mission Light Employment Agency|Room 1106, 11th floor, Wayson Commercial Building, 28 Connaught Road West, Sheung Wan, Hong Kong
2646|ZYT CONSULTANT COMPANY|Room 1106, 11th floor, Wayson Commercial Building, 28 Connaught Road West, Sheung Wan, Hong Kong

2038|Good & Good Consultant Top Up Center|Shop 19, Ground floor, Hip Pont Building, 21 Tseng Choi Street, Tuen Mun, New Territories
563|Kong Yu Company|Shop 19, Ground floor, Hip Pont Building, 21 Tseng Choi Street, Tuen Mun, New Territories

2088|UNIQUE EMPLOYMENT CENTRE LIMITED|Unit 1616B, 16th floor, Nan Fung Centre, 264-298 Castle Peak Road, Tsuen Wan, New Territories
2213|O-raiser Employment Agency Company Limited|Unit 1616B, 16th floor, Nan Fung Centre, 264-298 Castle Peak Road, Tsuen Wan, New Territories

2149|CITY EMPLOYMENT PARADISE CO.|Shop GD31, Lei King Wan, 25 Tai On Street, Sai Wan Ho, Hong Kong
2212|ISLAND WEST EMPLOYMENT PARADISE CO.|Shop GD31, Lei King Wan, 25 Tai On Street, Sai Wan Ho, Hong Kong
794|OLYMPIA EMPLOYMENT COMPANY|Shop GD31, Lei King Wan, 25 Tai On Street, Sai Wan Ho, Hong Kong

2153|TSUEN WAN EMPLOYMENT PARADISE CO.|Shop 38B, Ground floor, Ho Shun Yee Building, 9 Fung Yau Street East, Yuen Long, New Territories
2150|CITY EMPLOYMENT PARADISE CO.|Shop 38B, Ground floor, Ho Shun Yee Building, 9 Fung Yau Street East, Yuen Long, New Territories

2156|FAIR CHOICE DOMESTIC HELPER SERVICES|Suite 2512, 25th floor, Office Tower, Langham Place, 8 Argyle Street, Mong Kok, Kowloon
1937|JOVIAL EMPLOYMENT CENTRE|Suite 2512, 25th floor, Office Tower, Langham Place, 8 Argyle Street, Mong Kok, Kowloon

2179|IAAS Consulting Group|17th floor, 80 Gloucester Road, Wan Chai, Hong Kong
244|Right Choice Overseas Employment Centre Limited|17th floor, 80 Gloucester Road, Wan Chai, Hong Kong

2212|ISLAND WEST EMPLOYMENT PARADISE CO.|Shop GD31, Lei King Wan, 25 Tai On Street, Sai Wan Ho, Hong Kong
2149|CITY EMPLOYMENT PARADISE CO.|Shop GD31, Lei King Wan, 25 Tai On Street, Sai Wan Ho, Hong Kong
794|OLYMPIA EMPLOYMENT COMPANY|Shop GD31, Lei King Wan, 25 Tai On Street, Sai Wan Ho, Hong Kong

2213|O-raiser Employment Agency Company Limited|Unit 1616B, 16th floor, Nan Fung Centre, 264-298 Castle Peak Road, Tsuen Wan, New Territories
2088|UNIQUE EMPLOYMENT CENTRE LIMITED|Unit 1616B, 16th floor, Nan Fung Centre, 264-298 Castle Peak Road, Tsuen Wan, New Territories

2232|SMOOTH MAID EMPLOYMENT AGENCY LIMITED|Room 1507, 15th floor, Causeway Bay Commercial Building, 1-13 Sugar Street, Causeway Bay, Hong Kong
454|Jumbo International Maid Employment Agency|Room 1507, 15th floor, Causeway Bay Commercial Building, 1-13 Sugar Street, Causeway Bay, Hong Kong

2244|Skyway Employment Agency Limited|Shop 32, Ground floor, Casio Mansion, 209 Shau Kei Wan Road, Sai Wan Ho, Hong Kong
1715|TOP VARIANT LIMITED|Shop 32, Ground floor, Casio Mansion, 209 Shau Kei Wan Road, Sai Wan Ho, Hong Kong

2284|Great Advance Employment Service Limited|Shop 7A, 1st floor, Richland Garden Shopping Centre, Tuen Mun, New Territories
973|Chen Chen Co|Shop 7A, 1st floor, Richland Garden Shopping Centre, Tuen Mun, New Territories

2300|SINCERE COMPANY|Room 1231, 12th floor, Nan Fung Centre, 264-298 Castle Peak Road, Tsuen Wan, New Territories
629|Tai Tung Employment Service|Room 1231, 12th floor, Nan Fung Centre, 264-298 Castle Peak Road, Tsuen Wan, New Territories

2364|HKBS|Flat 1, 5th floor, Cammer Commercial Building, 30-32 Cameron Road, Tsim Sha Tsui, Kowloon
2365|e-Job|Flat 1, 5th floor, Cammer Commercial Building, 30-32 Cameron Road, Tsim Sha Tsui, Kowloon

2365|e-Job|Flat 1, 5th floor, Cammer Commercial Building, 30-32 Cameron Road, Tsim Sha Tsui, Kowloon
2364|HKBS|Flat 1, 5th floor, Cammer Commercial Building, 30-32 Cameron Road, Tsim Sha Tsui, Kowloon

2555|Gary's Employment Agency Company Limited|Room 724, 7th floor, Nan Fung Centre, 264-298 Castle Peak Road, Tsuen Wan, New Territories
1819|PRICERITE MAID LIMITED|Room 724, 7th floor, Nan Fung Centre, 264-298 Castle Peak Road, Tsuen Wan, New Territories
2745|U.A. EMPLOYMENT CENTER|Room 724, 7th floor, Nan Fung Centre, 264-298 Castle Peak Road, Tsuen Wan, New Territories

2569|JIM CITY EMPLOYMENT AGENCY|Room 506, Rear Portion, 13th floor, Nathan Apartments, 506-508 Nathan Road, Yau Ma Tei, Kowloon
1333|HAPPY HOUSE EMPLOYMENT AGENCY|Room 506, Rear Portion, 13th floor, Nathan Apartments, 506-508 Nathan Road, Yau Ma Tei, Kowloon
1503|FAVOR MAID EMPLOYMENT AGENCY|Room 506, Rear Portion, 13th floor, Nathan Apartments, 506-508 Nathan Road, Yau Ma Tei, Kowloon
1966|GOLDEN PEAK EMPLOYMENT AGENCY|Room 506, Rear Portion, 13th floor, Nathan Apartments, 506-508 Nathan Road, Yau Ma Tei, Kowloon

2578|Lee Wah Employment Limited|Room A, 16th floor, Gaylord Commercial Building, 114-118 Lockhart Road, Wan Chai, Hong Kong
1421|JET SYSTEM PACIFIC LIMITED|Room A, 16th floor, Gaylord Commercial Building, 114-118 Lockhart Road, Wan Chai, Hong Kong

2586|Helpers Market International Recruitment Limited|Room 1802, 18th floor, NPAC, 10 North Point Road, North Point, Hong Kong
1506|ENDURANCE EMPLOYMENT AGENCY|Room 1802, 18th floor, NPAC, 10 North Point Road, North Point, Hong Kong
2561|WESTLAKE MANPOWER RESOURCES CO.|Room 1802, 18th floor, NPAC, 10 North Point Road, North Point, Hong Kong

2591|Asian Developing Talent|Flat C, 9th floor, Max Share Centre, 373 King's Road, North Point, Hong Kong
1532|Hong Kong Financial Talent Consultant Company Limited|Flat C, 9th floor, Max Share Centre, 373 King's Road, North Point, Hong Kong

2622|FULLY HUMAN RESOURCE AGENCY COMPANY|Shop I, Ground floor, Continental Mansion, 294 King's Road, North Point, Hong Kong
595|Po Sing Employment Service Centre Limited|Shop I, Ground floor, Continental Mansion, 294 King's Road, North Point, Hong Kong

2664|GRAND WINNERS EMPLOYMENT CENTRE|Room D73, 1st floor, Kingswood Richly Plaza, 1 Tin Wu Road, Tin Shui Wai, New Territories
1390|Grand Palace Employment Agency Centre|Room D73, 1st floor, Kingswood Richly Plaza, 1 Tin Wu Road, Tin Shui Wai, New Territories

2718|Onon Agency Limited|Room 2B, 1st floor, Fu Tao Building, 98 Argyle Street, Mong Kok, Kowloon
807|HARVEST DAY EMPLOYMENT AGENCY|Room 2B, 1st floor, Fu Tao Building, 98 Argyle Street, Mong Kok, Kowloon

2745|U.A. EMPLOYMENT CENTER|Room 724, 7th floor, Nan Fung Centre, 264-298 Castle Peak Road, Tsuen Wan, New Territories
1819|PRICERITE MAID LIMITED|Room 724, 7th floor, Nan Fung Centre, 264-298 Castle Peak Road, Tsuen Wan, New Territories
2555|Gary's Employment Agency Company Limited|Room 724, 7th floor, Nan Fung Centre, 264-298 Castle Peak Road, Tsuen Wan, New Territories

2751|Helperspro Employment Agency Limited|Unit 08, 17th floor, Hollywood Plaza, 610 Nathan Road, Mong Kok, Kowloon
2264|ABILITY AND COMPANY|Unit 08, 17th floor, Hollywood Plaza, 610 Nathan Road, Mong Kok, Kowloon

2880|HONG KONG DH EMPLOYMENT CENTRE|Room 720, 7th floor, Hollywood Plaza, 610 Nathan Road, Mong Kok, Kowloon
1941|Hollywood Employment Agency|Room 720, 7th floor, Hollywood Plaza, 610 Nathan Road, Mong Kok, Kowloon
722|SAINT HAPPY MAIDS AGENCY|Room 720, 7th floor, Hollywood Plaza, 610 Nathan Road, Mong Kok, Kowloon

2996|LUCKY MAIDS JOB CENTRE|Shop 153A & B, 1st floor, New Trend Plaza, 278-288 King's Road, North Point, Hong Kong
151|EMPLOYMENT WORLD|Shop 153A & B, 1st floor, New Trend Plaza, 278-288 King's Road, North Point, Hong Kong

3001|KA SHING MANPOWER AGENCY|Room 2002, 20th floor, Wan Chai Commercial Centre, 194-204 Johnston Road, Wan Chai, Hong Kong
1000|Cheers Employment Limited|Room 2002, 20th floor, Wan Chai Commercial Centre, 194-204 Johnston Road, Wan Chai, Hong Kong

3006|LEADER PRO EMPLOYMENT COMPANY LIMITED|Shop 86, Ground floor, Fu Shing Building, 9 Sai Ching Street, Yuen Long, New Territories
423|LEADER EMPLOYMENT COMPANY LIMITED|Shop 86, Ground floor, Fu Shing Building, 9 Sai Ching Street, Yuen Long, New Territories

3047|ANLIDA|Shop 336, Level 4, Sceneway Plaza, 8 Sceneway Road, Lam Tin, Kowloon
1711|FUN TOP EMPLOYMENT SERVICE COMPANY|Shop 336, Level 4, Sceneway Plaza, 8 Sceneway Road, Lam Tin, Kowloon

68|Sing Fai (Hong Kong) Co.|Room A, 11th floor, Nathan Tower, 518-520 Nathan Road, Yau Ma Tei, Kowloon
500|Regent Pacific Service Company|Room A, 11th floor, Nathan Tower, 518-520 Nathan Road, Yau Ma Tei, Kowloon
592|Hung Fai (HK) Employment Agency Limited|Room A, 11th floor, Nathan Tower, 518-520 Nathan Road, Yau Ma Tei, Kowloon

150|KA WO CONSULTANTS LIMITED|Flat A, 13th floor, Gold Swan Commercial Building, 438-444 Hennessy Road, Causeway Bay, Hong Kong
328|Home De Fairy Consultants Limited|Flat A, 13th floor, Gold Swan Commercial Building, 438-444 Hennessy Road, Causeway Bay, Hong Kong
61|D.D. Domestic Services|Flat A, 13th floor, Gold Swan Commercial Building, 438-444 Hennessy Road, Causeway Bay, Hong Kong

167|ASIA-ONE EMPLOYMENT AGENCY|Room C, 1st floor, King Fung Building, 60-62 Kwong Fuk Road, Tai Po, New Territories
637|Convoy Employment Consultant Limited|Room C, 1st floor, King Fung Building, 60-62 Kwong Fuk Road, Tai Po, New Territories

178|Reliable Employment Services Limited|Room 1601, 16th floor, Chung Kiu Commercial Building, 47-51 Shan Tung Street, Mong Kok, Kowloon
1050|WRIGHT INT'L MANPOWER COMPANY|Room 1601, 16th floor, Chung Kiu Commercial Building, 47-51 Shan Tung Street, Mong Kok, Kowloon

244|Right Choice Overseas Employment Centre Limited|17th floor, 80 Gloucester Road, Wan Chai, Hong Kong
2179|IAAS Consulting Group|17th floor, 80 Gloucester Road, Wan Chai, Hong Kong

260|K&P; Employment Agency|Room 2202A, 22nd floor, 655 Nathan Road, Mong Kok, Kowloon
1037|Y2K Employment Agency|Room 2202A, 22nd floor, 655 Nathan Road, Mong Kok, Kowloon

313|C. & K. ENTERPRISES COMPANY LIMITED|Ground floor, 1A Watson Road, North Point, Hong Kong
534|Pawer Express International Company Limited|Ground floor, 1A Watson Road, North Point, Hong Kong

332|Good Fellow Resources Company Limited|Room 605, 6th floor, Corn Yan Centre, 3 Jupiter Street, Fortress Hill, Hong Kong
1204|TOTAL RICH FUND LIMITED|Room 605, 6th floor, Corn Yan Centre, 3 Jupiter Street, Fortress Hill, Hong Kong

341|Pak On (Hong Kong) Company Limited|Ground floor, 24A Cherry Street, Tai Kok Tsui, Kowloon
743|Royalcorp Employment Agency Limited|Ground floor, 24A Cherry Street, Tai Kok Tsui, Kowloon

361|Good Rich Employment Agency Centre|Room 511, 5th floor, Wellborne Commercial Centre, 8 Java Road, North Point, Hong Kong
251|Pak Yue Employment Agency Centre Limited|Room 511, 5th floor, Wellborne Commercial Centre, 8 Java Road, North Point, Hong Kong

383|Tommy Employment Services|Room 1603, 16th floor, Chow Sang Sang Building, 229 Nathan Road, Tsim Sha Tsui, Kowloon
85|Luckyflex International Limited|Room 1603, 16th floor, Chow Sang Sang Building, 229 Nathan Road, Tsim Sha Tsui, Kowloon

395|Allwin Employment Centre Limited|Room 402, 4th floor, Goldfield Tower, 53-59 Wuhu Street, Hung Hom, Kowloon
795|DAYWIN CONSULTANT|Room 402, 4th floor, Goldfield Tower, 53-59 Wuhu Street, Hung Hom, Kowloon

396|Allwin Employment Centre Limited|Shop 29, Ground floor, Laguna Arcade, Phase 3, Laguna City, Cha Kwo Ling Road, Lam Tin, Kowloon
521|WINWIN EMPLOYMENT CENTRE LIMITED|Shop 29, Ground floor, Laguna Arcade, Phase 3, Laguna City, Cha Kwo Ling Road, Lam Tin, Kowloon

438|Get Maid Agency|Shop 170, 1st floor, New Century Plaza, 151-163 Wan Chai Road, Wan Chai, Hong Kong
2178|POINTS AGENCY|Shop 170, 1st floor, New Century Plaza, 151-163 Wan Chai Road, Wan Chai, Hong Kong

500|Regent Pacific Service Company|Room A, 11th floor, Nathan Tower, 518-520 Nathan Road, Yau Ma Tei, Kowloon
592|Hung Fai (HK) Employment Agency Limited|Room A, 11th floor, Nathan Tower, 518-520 Nathan Road, Yau Ma Tei, Kowloon
68|Sing Fai (Hong Kong) Co.|Room A, 11th floor, Nathan Tower, 518-520 Nathan Road, Yau Ma Tei, Kowloon

533|Brilliant Employment Consultant|Ground floor, 251 Ma Tin Tsuen, Ma Tin Pok, Yuen Long, New Territories
489|Bright Essence International Limited|Ground floor, 251 Ma Tin Tsuen, Ma Tin Pok, Yuen Long, New Territories

547|Hung Chau Company Limited|Shop 104, 1st floor, Olympia Plaza, 255 King's Road, Fortress Hill, Hong Kong
763|Homes Employment Agency Limited|Shop 104, 1st floor, Olympia Plaza, 255 King's Road, Fortress Hill, Hong Kong

550|Kai Sing Employment Agency|Shop 3022, 3rd floor, One Sky Mall, 8 Tin Sau Road, Tin Shui Wai, New Territories
1415|K & H Employment Agency|Shop 3022, 3rd floor, One Sky Mall, 8 Tin Sau Road, Tin Shui Wai, New Territories

563|Kong Yu Company|Shop 19, Ground floor, Hip Pont Building, 21 Tseng Choi Street, Tuen Mun, New Territories
2038|Good & Good Consultant Top Up Center|Shop 19, Ground floor, Hip Pont Building, 21 Tseng Choi Street, Tuen Mun, New Territories

588|Goodwill Placement Services Limited|Flat A, 8th floor, Tsang Cheung House, 444-446A Nathan Road, Yau Ma Tei, Kowloon
1196|CB Consultants|Flat A, 8th floor, Tsang Cheung House, 444-446A Nathan Road, Yau Ma Tei, Kowloon
1276|Chris Benne|Flat A, 8th floor, Tsang Cheung House, 444-446A Nathan Road, Yau Ma Tei, Kowloon
1589|TEH WONG MANPOWER|Flat A, 8th floor, Tsang Cheung House, 444-446A Nathan Road, Yau Ma Tei, Kowloon

598|Arrow Employment Services|Room 2102D, 21st floor, Nan Fung Centre, 264-298 Castle Peak Road, Tsuen Wan, New Territories
2516|GALILEE EMPLOYMENT SERVICE COMPANY|Room 2102D, 21st floor, Nan Fung Centre, 264-298 Castle Peak Road, Tsuen Wan, New Territories

654|MAIDS SHOP EMPLOYMENT AGENCY|Shop 102A, Lower Ground floor, Block 15-19, Podium D, Riviera Gardens, Tsuen Wan, New Territories
1668|Shatin Employment Paradise Co.|Shop 102A, Lower Ground floor, Block 15-19, Podium D, Riviera Gardens, Tsuen Wan, New Territories

660|AIE Employment Centre|Room 1605, 16th floor, Hollywood Plaza, 610 Nathan Road, Mong Kok, Kowloon
1863|A&F; EMPLOYMENT CENTRE|Room 1605, 16th floor, Hollywood Plaza, 610 Nathan Road, Mong Kok, Kowloon
645|A & E Employment Centre|Room 1605, 16th floor, Hollywood Plaza, 610 Nathan Road, Mong Kok, Kowloon

673|Cable Employment Service Limited|Flat A, 2nd floor, Po Ming Building, 2 Foo Ming Street, Causeway Bay, Hong Kong
2548|EMPIRE HILL EMPLOYMENT LIMITED|Flat A, 2nd floor, Po Ming Building, 2 Foo Ming Street, Causeway Bay, Hong Kong

701|Singapore Employment Limited|18th floor, Jade Centre, 98 Wellington Street, Central, Hong Kong
102|Wellcome Greenland Employment Centre|18th floor, Jade Centre, 98 Wellington Street, Central, Hong Kong
458|Wellcome Employment Centre Limited|18th floor, Jade Centre, 98 Wellington Street, Central, Hong Kong

720|SAINT HAPPY MAIDS AGENCY|Shop 18A, 1st floor, Tung Yick Building, 8 Yu King Square, Yuen Long, New Territories
1198|J'S EMPLOYMENT AGENCY|Shop 18A, 1st floor, Tung Yick Building, 8 Yu King Square, Yuen Long, New Territories

743|Royalcorp Employment Agency Limited|Ground floor, 24A Cherry Street, Tai Kok Tsui, Kowloon
341|Pak On (Hong Kong) Company Limited|Ground floor, 24A Cherry Street, Tai Kok Tsui, Kowloon

760|Prima Success Services Company|Flat E, 8th floor, East South Building, 475-481 Hennessy Road, Causeway Bay, Hong Kong
1398|FORTUNE STAR EMPLOYMENT AGENCY|Flat E, 8th floor, East South Building, 475-481 Hennessy Road, Causeway Bay, Hong Kong

782|Lei Da Employment Centre|Shop 2, Ground floor, 88 Square, 88 Po Heung Street, Tai Po Market, Tai Po, New Territories
3048|ANLIDA|Shop 2, Ground floor, 88 Square, 88 Po Heung Street, Tai Po Market, Tai Po, New Territories

794|OLYMPIA EMPLOYMENT COMPANY|Shop GD31, Lei King Wan, 25 Tai On Street, Sai Wan Ho, Hong Kong
2149|CITY EMPLOYMENT PARADISE CO.|Shop GD31, Lei King Wan, 25 Tai On Street, Sai Wan Ho, Hong Kong
2212|ISLAND WEST EMPLOYMENT PARADISE CO.|Shop GD31, Lei King Wan, 25 Tai On Street, Sai Wan Ho, Hong Kong

796|Warranty Employment Agency|Flat A-B, 1st floor, Hung Wan Building, 35 On Ning Road, Yuen Long, New Territories
661|ANSTAR LIMITED|Flat A-B, 1st floor, Hung Wan Building, 35 On Ning Road, Yuen Long, New Territories

807|HARVEST DAY EMPLOYMENT AGENCY|Room 2B, 1st floor, Fu Tao Building, 98 Argyle Street, Mong Kok, Kowloon
2718|Onon Agency Limited|Room 2B, 1st floor, Fu Tao Building, 98 Argyle Street, Mong Kok, Kowloon

873|StarAsia Employment Agency Co.|Room 2301, 23rd floor, Futura Plaza, 111-113 How Ming Street, Kwun Tong, Kowloon
1533|Hong Kong Financial Talent Consultant Company Limited|Room 2301, 23rd floor, Futura Plaza, 111-113 How Ming Street, Kwun Tong, Kowloon

931|FORECAST EMPLOYMENT CONSULTANT LIMITED|Shop 2, Ground floor, Site 1, Whampoa Garden, Hung Hom, Kowloon
729|Premier Employment Consultant|Shop 2, Ground floor, Site 1, Whampoa Garden, Hung Hom, Kowloon

972|Chen Chen Co|Flat B, 11th floor, Golden Hill Commercial Building, 39-41 Argyle Street, Mong Kok, Kowloon
1090|OSCAR EMPLOYMENT CENTRE|Flat B, 11th floor, Golden Hill Commercial Building, 39-41 Argyle Street, Mong Kok, Kowloon

1000|Cheers Employment Limited|Room 2002, 20th floor, Wan Chai Commercial Centre, 194-204 Johnston Road, Wan Chai, Hong Kong
3001|KA SHING MANPOWER AGENCY|Room 2002, 20th floor, Wan Chai Commercial Centre, 194-204 Johnston Road, Wan Chai, Hong Kong

1050|WRIGHT INT'L MANPOWER COMPANY|Room 1601, 16th floor, Chung Kiu Commercial Building, 47-51 Shan Tung Street, Mong Kok, Kowloon
178|Reliable Employment Services Limited|Room 1601, 16th floor, Chung Kiu Commercial Building, 47-51 Shan Tung Street, Mong Kok, Kowloon

1196|CB Consultants|Flat A, 8th floor, Tsang Cheung House, 444-446A Nathan Road, Yau Ma Tei, Kowloon
1276|Chris Benne|Flat A, 8th floor, Tsang Cheung House, 444-446A Nathan Road, Yau Ma Tei, Kowloon
1589|TEH WONG MANPOWER|Flat A, 8th floor, Tsang Cheung House, 444-446A Nathan Road, Yau Ma Tei, Kowloon
588|Goodwill Placement Services Limited|Flat A, 8th floor, Tsang Cheung House, 444-446A Nathan Road, Yau Ma Tei, Kowloon

1198|J'S EMPLOYMENT AGENCY|Shop 18A, 1st floor, Tung Yick Building, 8 Yu King Square, Yuen Long, New Territories
720|SAINT HAPPY MAIDS AGENCY|Shop 18A, 1st floor, Tung Yick Building, 8 Yu King Square, Yuen Long, New Territories

1241|LI WING EMPLOYMENT CENTRE|Room 2903, 29th floor, Kwai Hung Holdings Centre, 89 King's Road, North Point, Hong Kong
1436|NAULI EMPLOYMENT AGENCY COMPANY LIMITED|Room 2903, 29th floor, Kwai Hung Holdings Centre, 89 King's Road, North Point, Hong Kong

1260|HelperHK Limited|Flat 1511, 15th floor, Lucky Centre, 165-171 Wan Chai Road, Wan Chai, Hong Kong
1282|FESDI EMPLOYMENT CENTRE|Flat 1511, 15th floor, Lucky Centre, 165-171 Wan Chai Road, Wan Chai, Hong Kong

1276|Chris Benne|Flat A, 8th floor, Tsang Cheung House, 444-446A Nathan Road, Yau Ma Tei, Kowloon
1196|CB Consultants|Flat A, 8th floor, Tsang Cheung House, 444-446A Nathan Road, Yau Ma Tei, Kowloon
1589|TEH WONG MANPOWER|Flat A, 8th floor, Tsang Cheung House, 444-446A Nathan Road, Yau Ma Tei, Kowloon
588|Goodwill Placement Services Limited|Flat A, 8th floor, Tsang Cheung House, 444-446A Nathan Road, Yau Ma Tei, Kowloon

1334|Sa Sa Employment Agency|Shop B, Ground floor, On Lok Building, 1 Mei Sun Lane, Tai Po, New Territories
568|Kasa Maid Agency Limited|Shop B, Ground floor, On Lok Building, 1 Mei Sun Lane, Tai Po, New Territories

1415|K & H Employment Agency|Shop 3022, 3rd floor, One Sky Mall, 8 Tin Sau Road, Tin Shui Wai, New Territories
550|Kai Sing Employment Agency|Shop 3022, 3rd floor, One Sky Mall, 8 Tin Sau Road, Tin Shui Wai, New Territories

1461|SHUN ON DEVELOPMENT COMPANY LIMITED|Flat B, 4th floor, Man Lin Building, 96-100 Prince Edward Road West, Mong Kok, Kowloon
1272|VIVA EMPLOYMENT SERVICES LIMITED|Flat B, 4th floor, Man Lin Building, 96-100 Prince Edward Road West, Mong Kok, Kowloon

1516|GRACEFUL TRAVEL COMPANY|Shop 25D, Ground floor, Fortress Tower, 250 King's Road, North Point, Hong Kong
1129|Peony Employment Agency Limited|Shop 25D, Ground floor, Fortress Tower, 250 King's Road, North Point, Hong Kong

1589|TEH WONG MANPOWER|Flat A, 8th floor, Tsang Cheung House, 444-446A Nathan Road, Yau Ma Tei, Kowloon
1196|CB Consultants|Flat A, 8th floor, Tsang Cheung House, 444-446A Nathan Road, Yau Ma Tei, Kowloon
1276|Chris Benne|Flat A, 8th floor, Tsang Cheung House, 444-446A Nathan Road, Yau Ma Tei, Kowloon
588|Goodwill Placement Services Limited|Flat A, 8th floor, Tsang Cheung House, 444-446A Nathan Road, Yau Ma Tei, Kowloon

1668|Shatin Employment Paradise Co.|Shop 102A, Lower Ground floor, Block 15-19, Podium D, Riviera Gardens, Tsuen Wan, New Territories
654|MAIDS SHOP EMPLOYMENT AGENCY|Shop 102A, Lower Ground floor, Block 15-19, Podium D, Riviera Gardens, Tsuen Wan, New Territories

1715|TOP VARIANT LIMITED|Shop 32, Ground floor, Casio Mansion, 209 Shau Kei Wan Road, Sai Wan Ho, Hong Kong
2244|Skyway Employment Agency Limited|Shop 32, Ground floor, Casio Mansion, 209 Shau Kei Wan Road, Sai Wan Ho, Hong Kong

1742|First Company|Room 1807, 18th floor, Workingberg Commercial Building, 41-47 Marble Road, North Point, Hong Kong
195|Rickson Co.|Room 1807, 18th floor, Workingberg Commercial Building, 41-47 Marble Road, North Point, Hong Kong

1791|WANGIE EMPLOYMENT CO|Room B, 15th floor, Shing Hing Commercial Building, 21-27 Wing Kut Street, Sheung Wan, Hong Kong
1641|Dickson Employment Agency|Room B, 15th floor, Shing Hing Commercial Building, 21-27 Wing Kut Street, Sheung Wan, Hong Kong

1913|CLARICH EMPLOYMENT COMPANY|Unit 03, 12th floor, Keen Hung Commercial Building, 80 Queen's Road East, Wan Chai, Hong Kong
205|PBI Employment Services & Trading Company|Unit 03, 12th floor, Keen Hung Commercial Building, 80 Queen's Road East, Wan Chai, Hong Kong

2241|FULBRIGHT GROUP|Rear Portion, 1st floor, Wing Mui Building, 149 Sai Yee Street, Mong Kok, Kowloon
962|CILIWUNG LIMITED|Rear Portion, 1st floor, Wing Mui Building, 149 Sai Yee Street, Mong Kok, Kowloon

2264|ABILITY AND COMPANY|Unit 08, 17th floor, Hollywood Plaza, 610 Nathan Road, Mong Kok, Kowloon
2751|Helperspro Employment Agency Limited|Unit 08, 17th floor, Hollywood Plaza, 610 Nathan Road, Mong Kok, Kowloon

2324|Limastar Employment Agency Limited|Mezzanine floor, 114 Nga Tsin Wai Road, Kowloon City, Kowloon
922|STARLINK EMPLOYMENT AGENCY|Mezzanine floor, 114 Nga Tsin Wai Road, Kowloon City, Kowloon

2545|AETERNA CONSULTANTS|Shop 35B, 1st floor, Fortune Plaza, 4 On Chee Road, Tai Po, New Territories
1284|FESDI EMPLOYMENT CENTRE|Shop 35B, 1st floor, Fortune Plaza, 4 On Chee Road, Tai Po, New Territories

2548|EMPIRE HILL EMPLOYMENT LIMITED|Flat A, 2nd floor, Po Ming Building, 2 Foo Ming Street, Causeway Bay, Hong Kong
673|Cable Employment Service Limited|Flat A, 2nd floor, Po Ming Building, 2 Foo Ming Street, Causeway Bay, Hong Kong

2550|Grand Bee Trade Plus|Unit 1, 17th floor, Trust Centre, 912 Cheung Sha Wan Road, Lai Chi Kok, Kowloon
2013|Grand Excellent Intercontinental Recruitment Agency|Unit 1, 17th floor, Trust Centre, 912 Cheung Sha Wan Road, Lai Chi Kok, Kowloon

2561|WESTLAKE MANPOWER RESOURCES CO.|Room 1802, 18th floor, NPAC, 10 North Point Road, North Point, Hong Kong
1506|ENDURANCE EMPLOYMENT AGENCY|Room 1802, 18th floor, NPAC, 10 North Point Road, North Point, Hong Kong
2586|Helpers Market International Recruitment Limited|Room 1802, 18th floor, NPAC, 10 North Point Road, North Point, Hong Kong

2619|BTI COURIER EXPRESS|Room A, 3rd floor, Kam Ma Building, 16 Cameron Road, Tsim Sha Tsui, Kowloon
641|Pacific Garden Employment Agency|Room A, 3rd floor, Kam Ma Building, 16 Cameron Road, Tsim Sha Tsui, Kowloon

2653|FARDIANSYAH INTERNATIONAL LIMITED|Flat 720, 7th floor, Block B, Bell House, 525-543 Nathan Road, Yau Ma Tei, Kowloon
844|YING'S EMPLOYMENT SERVICES COMPANY|Flat 720, 7th floor, Block B, Bell House, 525-543 Nathan Road, Yau Ma Tei, Kowloon

2737|Fong Wah Trading Co|Flat B4, 15th floor, Pearl City Mansion, 22-36 Paterson Street, Causeway Bay, Hong Kong
1574|FAI SING (HONG KONG) LIMITED|Flat B4, 15th floor, Pearl City Mansion, 22-36 Paterson Street, Causeway Bay, Hong Kong

2867|EC5M LIMITED|Flat E, 7th floor, Cheong Lok Building, 199 Cheung Sha Wan Road, Sham Shui Po, Kowloon
1801|directhire.hk|Flat E, 7th floor, Cheong Lok Building, 199 Cheung Sha Wan Road, Sham Shui Po, Kowloon

2969|NU PARTNER EMPLOYMENT AGENCY|Room 1002, 10th floor, Wellborne Commercial Centre, 8 Java Road, North Point, Hong Kong
240|Apec Employment Agency|Room 1002, 10th floor, Wellborne Commercial Centre, 8 Java Road, North Point, Hong Kong

2985|Casa Care Employment Agency|Shop 8, Ground floor, Chun Chu House, 1 Castle Peak Road, Yuen Long, New Territories
687|Instant Maids Centre Limited|Shop 8, Ground floor, Chun Chu House, 1 Castle Peak Road, Yuen Long, New Territories

3048|ANLIDA|Shop 2, Ground floor, 88 Square, 88 Po Heung Street, Tai Po Market, Tai Po, New Territories
782|Lei Da Employment Centre|Shop 2, Ground floor, 88 Square, 88 Po Heung Street, Tai Po Market, Tai Po, New Territories

102|Wellcome Greenland Employment Centre|18th floor, Jade Centre, 98 Wellington Street, Central, Hong Kong
458|Wellcome Employment Centre Limited|18th floor, Jade Centre, 98 Wellington Street, Central, Hong Kong
701|Singapore Employment Limited|18th floor, Jade Centre, 98 Wellington Street, Central, Hong Kong

175|W.F. Employment Services|Room 1101, 11th floor, Cameron Commercial Centre, 458-468 Hennessy Road, Causeway Bay, Hong Kong
179|Wai Fu Employment Agency|Room 1101, 11th floor, Cameron Commercial Centre, 458-468 Hennessy Road, Causeway Bay, Hong Kong

179|Wai Fu Employment Agency|Room 1101, 11th floor, Cameron Commercial Centre, 458-468 Hennessy Road, Causeway Bay, Hong Kong
175|W.F. Employment Services|Room 1101, 11th floor, Cameron Commercial Centre, 458-468 Hennessy Road, Causeway Bay, Hong Kong

195|Rickson Co.|Room 1807, 18th floor, Workingberg Commercial Building, 41-47 Marble Road, North Point, Hong Kong
1742|First Company|Room 1807, 18th floor, Workingberg Commercial Building, 41-47 Marble Road, North Point, Hong Kong

240|Apec Employment Agency|Room 1002, 10th floor, Wellborne Commercial Centre, 8 Java Road, North Point, Hong Kong
2969|NU PARTNER EMPLOYMENT AGENCY|Room 1002, 10th floor, Wellborne Commercial Centre, 8 Java Road, North Point, Hong Kong

300|T & H Employment Centre|Room 1106, 11th floor, Haleson Building, 1 Jubilee Street, Central, Hong Kong
1277|FESDI EMPLOYMENT CENTRE|Room 1106, 11th floor, Haleson Building, 1 Jubilee Street, Central, Hong Kong

409|Grand View Employment Agency Limited|Shop 13, 99 1A Dock Street, Hung Hom, Kowloon
854|MISSION EMPLOYMENT AGENCY LIMITED|Shop 13, 99 1A Dock Street, Hung Hom, Kowloon

458|Wellcome Employment Centre Limited|18th floor, Jade Centre, 98 Wellington Street, Central, Hong Kong
102|Wellcome Greenland Employment Centre|18th floor, Jade Centre, 98 Wellington Street, Central, Hong Kong
701|Singapore Employment Limited|18th floor, Jade Centre, 98 Wellington Street, Central, Hong Kong

539|Lekko Maid Consultants|Unit N, 8th floor, Kings Wing Plaza 2, 1 On Kwan Street, Sha Tin, New Territories
1610|Colorlight Maids Agency Limited|Unit N, 8th floor, Kings Wing Plaza 2, 1 On Kwan Street, Sha Tin, New Territories

549|Hung Chau Company Limited|Flat B, 8th floor, 10-16 Cochrane Street, Central, Hong Kong
764|Homes Employment Agency Limited|Flat B, 8th floor, 10-16 Cochrane Street, Central, Hong Kong

575|LogonCorp Employment Agency|Room 801, 8th floor, Mongkok Commercial Centre, 16 Argyle Street, Mong Kok, Kowloon
772|LogOn Employment Agency|Room 801, 8th floor, Mongkok Commercial Centre, 16 Argyle Street, Mong Kok, Kowloon
872|Eighty-8 Employment Agency|Room 801, 8th floor, Mongkok Commercial Centre, 16 Argyle Street, Mong Kok, Kowloon

661|ANSTAR LIMITED|Flat A-B, 1st floor, Hung Wan Building, 35 On Ning Road, Yuen Long, New Territories
796|Warranty Employment Agency|Flat A-B, 1st floor, Hung Wan Building, 35 On Ning Road, Yuen Long, New Territories

733|Golden Link Employment Agency|Unit B, 10th floor, Lee May Building, 788-790 Nathan Road, Mong Kok, Kowloon
2420|MAKA Employment Agency|Unit B, 10th floor, Lee May Building, 788-790 Nathan Road, Mong Kok, Kowloon

763|Homes Employment Agency Limited|Shop 104, 1st floor, Olympia Plaza, 255 King's Road, Fortress Hill, Hong Kong
547|Hung Chau Company Limited|Shop 104, 1st floor, Olympia Plaza, 255 King's Road, Fortress Hill, Hong Kong

764|Homes Employment Agency Limited|Flat B, 8th floor, 10-16 Cochrane Street, Central, Hong Kong
549|Hung Chau Company Limited|Flat B, 8th floor, 10-16 Cochrane Street, Central, Hong Kong

772|LogOn Employment Agency|Room 801, 8th floor, Mongkok Commercial Centre, 16 Argyle Street, Mong Kok, Kowloon
575|LogonCorp Employment Agency|Room 801, 8th floor, Mongkok Commercial Centre, 16 Argyle Street, Mong Kok, Kowloon
872|Eighty-8 Employment Agency|Room 801, 8th floor, Mongkok Commercial Centre, 16 Argyle Street, Mong Kok, Kowloon

795|DAYWIN CONSULTANT|Room 402, 4th floor, Goldfield Tower, 53-59 Wuhu Street, Hung Hom, Kowloon
395|Allwin Employment Centre Limited|Room 402, 4th floor, Goldfield Tower, 53-59 Wuhu Street, Hung Hom, Kowloon

839|JOLLITY FAMILY EMPLOYMENT CONSULTANTS|Shop 46, Level 1, Lung Fung Garden, 33 Lung Sum Avenue, Sheung Shui, New Territories
1279|FESDI EMPLOYMENT CENTRE|Shop 46, Level 1, Lung Fung Garden, 33 Lung Sum Avenue, Sheung Shui, New Territories

844|YING'S EMPLOYMENT SERVICES COMPANY|Flat 720, 7th floor, Block B, Bell House, 525-543 Nathan Road, Yau Ma Tei, Kowloon
2653|FARDIANSYAH INTERNATIONAL LIMITED|Flat 720, 7th floor, Block B, Bell House, 525-543 Nathan Road, Yau Ma Tei, Kowloon

854|MISSION EMPLOYMENT AGENCY LIMITED|Shop 13, 99 1A Dock Street, Hung Hom, Kowloon
409|Grand View Employment Agency Limited|Shop 13, 99 1A Dock Street, Hung Hom, Kowloon

872|Eighty-8 Employment Agency|Room 801, 8th floor, Mongkok Commercial Centre, 16 Argyle Street, Mong Kok, Kowloon
575|LogonCorp Employment Agency|Room 801, 8th floor, Mongkok Commercial Centre, 16 Argyle Street, Mong Kok, Kowloon
772|LogOn Employment Agency|Room 801, 8th floor, Mongkok Commercial Centre, 16 Argyle Street, Mong Kok, Kowloon

922|STARLINK EMPLOYMENT AGENCY|Mezzanine floor, 114 Nga Tsin Wai Road, Kowloon City, Kowloon
2324|Limastar Employment Agency Limited|Mezzanine floor, 114 Nga Tsin Wai Road, Kowloon City, Kowloon

973|Chen Chen Co|Shop 7A, 1st floor, Richland Garden Shopping Centre, Tuen Mun, New Territories
2284|Great Advance Employment Service Limited|Shop 7A, 1st floor, Richland Garden Shopping Centre, Tuen Mun, New Territories

1037|Y2K Employment Agency|Room 2202A, 22nd floor, 655 Nathan Road, Mong Kok, Kowloon
260|K&P; Employment Agency|Room 2202A, 22nd floor, 655 Nathan Road, Mong Kok, Kowloon

1064|SUPA Employment Agency|15th floor, Radio City, 505-511 Hennessy Road, Causeway Bay, Hong Kong
1945|BECARE EMPLOYMENT SERVICE CENTRE|15th floor, Radio City, 505-511 Hennessy Road, Causeway Bay, Hong Kong

1277|FESDI EMPLOYMENT CENTRE|Room 1106, 11th floor, Haleson Building, 1 Jubilee Street, Central, Hong Kong
300|T & H Employment Centre|Room 1106, 11th floor, Haleson Building, 1 Jubilee Street, Central, Hong Kong

1279|FESDI EMPLOYMENT CENTRE|Shop 46, Level 1, Lung Fung Garden, 33 Lung Sum Avenue, Sheung Shui, New Territories
839|JOLLITY FAMILY EMPLOYMENT CONSULTANTS|Shop 46, Level 1, Lung Fung Garden, 33 Lung Sum Avenue, Sheung Shui, New Territories

1282|FESDI EMPLOYMENT CENTRE|Flat 1511, 15th floor, Lucky Centre, 165-171 Wan Chai Road, Wan Chai, Hong Kong
1260|HelperHK Limited|Flat 1511, 15th floor, Lucky Centre, 165-171 Wan Chai Road, Wan Chai, Hong Kong

1284|FESDI EMPLOYMENT CENTRE|Shop 35B, 1st floor, Fortune Plaza, 4 On Chee Road, Tai Po, New Territories
2545|AETERNA CONSULTANTS|Shop 35B, 1st floor, Fortune Plaza, 4 On Chee Road, Tai Po, New Territories

1391|Team Mate Employment Agency Limited|Unit 43, 1st floor, Carson Mansion, 121 King's Road, North Point, Hong Kong
1292|PLEASANT HOUSE EMPLOYMENT CENTRE LIMITED|Unit 43, 1st floor, Carson Mansion, 121 King's Road, North Point, Hong Kong

1424|Si Wing Employment Agency|Flat A, 3rd floor, Man Wah Building, 135 Kwong Fuk Road, Tai Po, New Territories
1720|Fil-Indo Employment Resources Co.|Flat A, 3rd floor, Man Wah Building, 135 Kwong Fuk Road, Tai Po, New Territories

1597|FIORI MEGA STAR EMPLOYMENT AGENCY LIMITED|Ground floor, 92 Kam Tin Road, Yuen Long, New Territories
1509|RCI International Employment Agency Limited|Ground floor, 92 Kam Tin Road, Yuen Long, New Territories

1610|Colorlight Maids Agency Limited|Unit N, 8th floor, Kings Wing Plaza 2, 1 On Kwan Street, Sha Tin, New Territories
539|Lekko Maid Consultants|Unit N, 8th floor, Kings Wing Plaza 2, 1 On Kwan Street, Sha Tin, New Territories

1635|Veco Company|Room 1209, 12th floor, Kwong Wah Plaza, 11 Tai Tong Road, Yuen Long, New Territories
304|Bestwell Employment Agency (HK) Limited|Room 1209, 12th floor, Kwong Wah Plaza, 11 Tai Tong Road, Yuen Long, New Territories

1720|Fil-Indo Employment Resources Co.|Flat A, 3rd floor, Man Wah Building, 135 Kwong Fuk Road, Tai Po, New Territories
1424|Si Wing Employment Agency|Flat A, 3rd floor, Man Wah Building, 135 Kwong Fuk Road, Tai Po, New Territories

1801|directhire.hk|Flat E, 7th floor, Cheong Lok Building, 199 Cheung Sha Wan Road, Sham Shui Po, Kowloon
2867|EC5M LIMITED|Flat E, 7th floor, Cheong Lok Building, 199 Cheung Sha Wan Road, Sham Shui Po, Kowloon

1945|BECARE EMPLOYMENT SERVICE CENTRE|15th floor, Radio City, 505-511 Hennessy Road, Causeway Bay, Hong Kong
1064|SUPA Employment Agency|15th floor, Radio City, 505-511 Hennessy Road, Causeway Bay, Hong Kong

2178|POINTS AGENCY|Shop 170, 1st floor, New Century Plaza, 151-163 Wan Chai Road, Wan Chai, Hong Kong
438|Get Maid Agency|Shop 170, 1st floor, New Century Plaza, 151-163 Wan Chai Road, Wan Chai, Hong Kong

2278|HELPER EASY LIMITED|Shop 5, Ground floor, Comfort Court, 52 Third Street, Sai Ying Pun, Hong Kong
2028|Gracefield Employment Service Limited|Shop 5, Ground floor, Comfort Court, 52 Third Street, Sai Ying Pun, Hong Kong

2420|MAKA Employment Agency|Unit B, 10th floor, Lee May Building, 788-790 Nathan Road, Mong Kok, Kowloon
733|Golden Link Employment Agency|Unit B, 10th floor, Lee May Building, 788-790 Nathan Road, Mong Kok, Kowloon

3036|SEBASTIAN|Flat D, 11th floor, Causeway Tower, 16-22 Causeway Road, Causeway Bay, Hong Kong
1836|FamilyMaid Employment Services Limited|Flat D, 11th floor, Causeway Tower, 16-22 Causeway Road, Causeway Bay, Hong Kong

266|Sing Ho Co.|1st floor, 49 Tai Ho Road, Tsuen Wan, New Territories
417|H W Employment Agency Centre|1st floor, 49 Tai Ho Road, Tsuen Wan, New Territories

417|H W Employment Agency Centre|1st floor, 49 Tai Ho Road, Tsuen Wan, New Territories
266|Sing Ho Co.|1st floor, 49 Tai Ho Road, Tsuen Wan, New Territories

272|Sumber Makmur Trading Co.|Shop C35A, 1st floor, Planet Square, 1-15 Tak Man Street, Hung Hom, Kowloon
1653|HOME CARE EMPLOYMENT AGENCY LIMITED|Shop C35A, 1st floor, Planet Square, 1-15 Tak Man Street, Hung Hom, Kowloon
2283|SUNTEL ENTERPRISES|Shop C35A, 1st floor, Planet Square, 1-15 Tak Man Street, Hung Hom, Kowloon
3034|ELITE OVERSEA EMPLOYMENT AGENCY|Shop C35A, 1st floor, Planet Square, 1-15 Tak Man Street, Hung Hom, Kowloon

1653|HOME CARE EMPLOYMENT AGENCY LIMITED|Shop C35A, 1st floor, Planet Square, 1-15 Tak Man Street, Hung Hom, Kowloon
2283|SUNTEL ENTERPRISES|Shop C35A, 1st floor, Planet Square, 1-15 Tak Man Street, Hung Hom, Kowloon
272|Sumber Makmur Trading Co.|Shop C35A, 1st floor, Planet Square, 1-15 Tak Man Street, Hung Hom, Kowloon
3034|ELITE OVERSEA EMPLOYMENT AGENCY|Shop C35A, 1st floor, Planet Square, 1-15 Tak Man Street, Hung Hom, Kowloon

2283|SUNTEL ENTERPRISES|Shop C35A, 1st floor, Planet Square, 1-15 Tak Man Street, Hung Hom, Kowloon
1653|HOME CARE EMPLOYMENT AGENCY LIMITED|Shop C35A, 1st floor, Planet Square, 1-15 Tak Man Street, Hung Hom, Kowloon
272|Sumber Makmur Trading Co.|Shop C35A, 1st floor, Planet Square, 1-15 Tak Man Street, Hung Hom, Kowloon
3034|ELITE OVERSEA EMPLOYMENT AGENCY|Shop C35A, 1st floor, Planet Square, 1-15 Tak Man Street, Hung Hom, Kowloon

3034|ELITE OVERSEA EMPLOYMENT AGENCY|Shop C35A, 1st floor, Planet Square, 1-15 Tak Man Street, Hung Hom, Kowloon
1653|HOME CARE EMPLOYMENT AGENCY LIMITED|Shop C35A, 1st floor, Planet Square, 1-15 Tak Man Street, Hung Hom, Kowloon
2283|SUNTEL ENTERPRISES|Shop C35A, 1st floor, Planet Square, 1-15 Tak Man Street, Hung Hom, Kowloon
272|Sumber Makmur Trading Co.|Shop C35A, 1st floor, Planet Square, 1-15 Tak Man Street, Hung Hom, Kowloon

